date,shop_id,edition_id,format_id,packs,name,url,price,currency,price_eur,per_pack_eur,in_stock,image
2026-08-29,cardstore-cz,pitch-black,booster-box,36,Pokémon TCG: Pitch Black - Booster Box,https://www.cardstore.cz/pokemon-tcg--pitch-black-booster-box/,4699.0,CZK,194.59,5.41,0,https://cdn.myshoptet.com/usr/www.cardstore.cz/user/shop/big/2027-5_pokemon-pitch-black-booster-box.png?ff=1&x=1024&y=768&q=85&ts=6a74f448&sg=161563f2
2026-08-29,cardstore-cz,chaos-rising,booster-box,36,Pokémon TCG: Chaos Rising - Booster Box,https://www.cardstore.cz/pokemon-tcg--chaos-rising-booster-box/,4599.0,CZK,190.44,5.29,0,https://cdn.myshoptet.com/usr/www.cardstore.cz/user/shop/big/1910_pci10407-101-01.png?ff=1&x=1024&y=768&q=85&ts=6a077c17&sg=161563f2
2026-08-29,cardstore-cz,pitch-black,bundle,6,Pokémon TCG Pitch Black Booster Bundle,https://www.cardstore.cz/pokemon-tcg-pitch-black-booster-bundle/,879.0,CZK,36.4,6.07,1,https://cdn.myshoptet.com/usr/www.cardstore.cz/user/shop/big/1985_pokemon-pitch-black-booster-bundle.png?ff=1&x=1024&y=768&q=85&ts=6a446794&sg=161563f2
2026-08-29,cardstore-cz,prismatic-evolutions,bundle,6,Pokémon TCG: Prismatic Evolutions - Booster Bundle,https://www.cardstore.cz/pokemon-tcg--prismatic-evolutions-booster-bundle/,2799.0,CZK,115.91,19.32,0,https://cdn.myshoptet.com/usr/www.cardstore.cz/user/shop/big/1846_prismatic-evolutions-bundle.jpg?ff=1&x=1024&y=768&q=85&ts=69f9e64f&sg=161563f2
2026-08-29,cardstore-cz,chaos-rising,bundle,6,Pokémon TCG: Chaos Rising - Booster Bundle,https://www.cardstore.cz/pokemon-tcg--chaos-rising-booster-bundle/,899.0,CZK,37.23,6.2,0,https://cdn.myshoptet.com/usr/www.cardstore.cz/user/shop/big/1843_pci10403-101-01.png?ff=1&x=1024&y=768&q=85&ts=69f89356&sg=161563f2
2026-08-29,cardstore-cz,chaos-rising,etb,9,Pokémon TCG: Chaos Rising - Elite Trainer Box,https://www.cardstore.cz/pokemon-tcg--chaos-rising-elite-trainer-box/,1999.0,CZK,82.78,9.2,1,https://cdn.myshoptet.com/usr/www.cardstore.cz/user/shop/big/1964_chaos-rising-etb.webp?ff=1&x=1024&y=768&q=85&ts=6a2446a4&sg=161563f2
2026-08-29,cardstore-cz,prismatic-evolutions,etb,9,Pokémon TCG: Prismatic Evolutions - Elite Trainer BoxDatum vydání: 17. ledna 2025,https://www.cardstore.cz/pokemon-tcg--prismatic-evolutions-elite-trainer-box/,5999.0,CZK,248.42,27.6,0,https://cdn.myshoptet.com/usr/www.cardstore.cz/user/shop/big/1456-1_prismatic-evolutions-elite-trainer-box-cardstore.png?ff=1&x=1024&y=768&q=85&ts=6727ee4c&sg=161563f2
2026-08-29,fyft-cz,pitch-black,bundle,6,Pokémon: Mega Evolution: Pitch Black Booster Bundle,https://www.fyft.cz/pokemon-mega-evolution-pitch-black-booster-bundle/,1199.0,CZK,49.65,8.28,1,https://cdn.myshoptet.com/usr/www.fyft.cz/user/shop/big/91579_447485-karetni-hra-pokemon-tcg-mega-evolution-booster-bundle-900w.jpg?ff=1&x=1024&y=1024&q=85&ts=6a563066&sg=38cb01fe
2026-08-29,fyft-cz,pitch-black,etb,9,Pokémon: Mega Evolution: Pitch Black Elite Trainer Box,https://www.fyft.cz/pokemon-mega-evolution-pitch-black-elite-trainer-box/,2199.0,CZK,91.06,10.12,1,https://cdn.myshoptet.com/usr/www.fyft.cz/user/shop/big/91570_69fb0fd7b11c3-pokemon-pitch-black-elite-trainer-box-69fb10d2de002.jpg?ff=1&x=1024&y=1024&q=85&ts=6a54de9f&sg=38cb01fe
2026-08-29,fyft-cz,prismatic-evolutions,etb,9,Pokémon: Prismatic Evolutions Elite Trainer Box,https://www.fyft.cz/pokemon-prismatic-evolutions-elite-trainer-box/,4899.0,CZK,202.87,22.54,1,https://cdn.myshoptet.com/usr/www.fyft.cz/user/shop/big/71374-2_elite3.jpg?ff=1&x=1024&y=1024&q=85&ts=67865461&sg=38cb01fe
2026-08-29,fyft-cz,chaos-rising,bundle,6,Pokémon: Mega Evolution Chaos Rising Booster Bundle,https://www.fyft.cz/pokemon-mega-evolution-chaos-rising-booster-bundle/,1199.0,CZK,49.65,8.28,0,https://cdn.myshoptet.com/usr/www.fyft.cz/user/shop/big/89287_snimek-obrazovky-2026-05-20-v--14-34-02.png?ff=1&x=1024&y=1024&q=85&ts=6a0daa45&sg=38cb01fe
2026-08-29,fyft-cz,chaos-rising,etb,9,Pokémon: Mega Evolution: Chaos Rising Elite Trainer Box,https://www.fyft.cz/pokemon-mega-evolution-chaos-rising-elite-trainer-box/,2199.0,CZK,91.06,10.12,0,https://cdn.myshoptet.com/usr/www.fyft.cz/user/shop/big/89284_snimek-obrazovky-2026-05-20-v--14-29-30.png?ff=1&x=1024&y=1024&q=85&ts=6a0da942&sg=38cb01fe
2026-08-29,fyft-cz,pitch-black,booster,1,Pokémon: Mega Evolution: Pitch Black - Booster,https://www.fyft.cz/pokemon-mega-evolution-pitch-black-booster/,139.0,CZK,5.76,5.76,0,https://cdn.myshoptet.com/usr/www.fyft.cz/user/shop/big/91573_82772-1-me05-pitch-black-booste2.jpg?ff=1&x=1024&y=1024&q=85&ts=6a54df9e&sg=38cb01fe
2026-08-29,nekonecno-sk,30th-celebration,bundle,6,Pokémon TCG: 30th Celebration Booster Bundle,https://www.nekonecno.sk/pokemon-tcg-30th-celebration-booster-bundle/,119.99,EUR,119.99,20.0,0,https://cdn.myshoptet.com/usr/www.nekonecno.sk/user/shop/big/143234_pokemon-tcg-30th-celebration-booster-bundle.webp?ff=1&x=1024&y=768&q=85&ts=6a7ef0ce&sg=161563f2
2026-08-29,nekonecno-sk,30th-celebration,etb,10,Pokémon TCG: 30th Celebration Elite Trainer Box,https://www.nekonecno.sk/pokemon-tcg-30th-celebration-elite-trainer-box/,299.99,EUR,299.99,30.0,0,https://cdn.myshoptet.com/usr/www.nekonecno.sk/user/shop/big/143237_pokemon-tcg-30th-celebration-elite-trainer-box-1.webp?ff=1&x=1024&y=768&q=85&ts=6a7ef367&sg=161563f2
2026-08-29,nekonecno-sk,pitch-black,etb,9,Pokémon TCG: Mega Evolution 05 Pitch Black Elite Trainer Box,https://www.nekonecno.sk/pokemon-tcg-mega-evolution-05-pitch-black-elite-trainer-box/,129.99,EUR,129.99,14.44,1,https://cdn.myshoptet.com/usr/www.nekonecno.sk/user/shop/big/141254_pokemon-tcg-mega-evolution-05-pitch-black-elite-trainer-box-1.webp?ff=1&x=1024&y=768&q=85&ts=6a4368ca&sg=161563f2
2026-08-29,nekonecno-sk,ascended-heroes,bundle,6,Pokémon TCG: Mega Evolution 02.5 Ascended Heroes Booster Bundle,https://www.nekonecno.sk/pokemon-tcg-mega-evolution-02-5-ascended-heroes-booster-bundle/,95.99,EUR,95.99,16.0,0,https://cdn.myshoptet.com/usr/www.nekonecno.sk/user/shop/big/136430_pokemon-tcg-mega-evolution-02-5-ascended-heroes-booster-bundle-1.jpg?ff=1&x=1024&y=768&q=85&ts=69dc8c70&sg=161563f2
2026-08-29,nekonecno-sk,ascended-heroes,etb,9,Pokémon TCG: Mega Evolution 02.5 Ascended Heroes Elite Trainer Box,https://www.nekonecno.sk/pokemon-tcg-mega-evolution-02-5-ascended-heroes-elite-trainer-box/,124.79,EUR,124.79,13.87,0,https://cdn.myshoptet.com/usr/www.nekonecno.sk/user/shop/big/132299_pokemon-tcg-mega-evolution-02-5-ascended-heroes-elite-trainer-box-1.jpg?ff=1&x=1024&y=768&q=85&ts=696f2f17&sg=161563f2
2026-08-29,nekonecno-sk,perfect-order,bundle,6,Pokémon TCG: Mega Evolution 03 Perfect Order Booster Bundle,https://www.nekonecno.sk/pokemon-tcg-mega-evolution-02-perfect-order-booster-bundle/,38.39,EUR,38.39,6.4,0,https://cdn.myshoptet.com/usr/www.nekonecno.sk/user/shop/big/134289_pokemon-tcg-mega-evolution-02-perfect-order-booster-bundle-1.jpg?ff=1&x=1024&y=768&q=85&ts=699eb62b&sg=161563f2
2026-08-29,nekonecno-sk,perfect-order,booster,1,Pokémon TCG: Mega Evolution 03 Perfect Order Booster Pack,https://www.nekonecno.sk/pokemon-tcg-mega-evolution-03-perfect-order-booster-pack/,6.71,EUR,6.71,6.71,0,https://cdn.myshoptet.com/usr/www.nekonecno.sk/user/shop/big/134292_pokemon-tcg-mega-evolution-03-perfect-order-booster-pack.jpg?ff=1&x=1024&y=768&q=85&ts=699ec08d&sg=161563f2
2026-08-29,nekonecno-sk,perfect-order,etb,9,Pokémon TCG: Mega Evolution 03 Perfect Order Elite Trainer Box,https://www.nekonecno.sk/pokemon-tcg-mega-evolution-03-perfect-order-elite-trainer-box/,95.99,EUR,95.99,10.67,0,https://cdn.myshoptet.com/usr/www.nekonecno.sk/user/shop/big/134295_pokemon-tcg-mega-evolution-03-perfect-order-elite-trainer-box-1.jpg?ff=1&x=1024&y=768&q=85&ts=699ec338&sg=161563f2
2026-08-29,nekonecno-sk,chaos-rising,bundle,6,Pokémon TCG: Mega Evolution 04 Chaos Rising Booster Bundle,https://www.nekonecno.sk/pokemon-tcg-mega-evolution-04-chaos-rising-booster-bundle/,44.99,EUR,44.99,7.5,0,https://cdn.myshoptet.com/usr/www.nekonecno.sk/user/shop/big/136610-1_pokemon-tcg-mega-evolution-04-chaos-rising-booster-bundle-2.jpg?ff=1&x=1024&y=768&q=85&ts=69dcfb01&sg=161563f2
2026-08-29,nekonecno-sk,chaos-rising,booster,1,Pokémon TCG: Mega Evolution 04 Chaos Rising Booster Pack,https://www.nekonecno.sk/pokemon-tcg-mega-evolution-04-chaos-rising-booster-pack/,6.99,EUR,6.99,6.99,0,https://cdn.myshoptet.com/usr/www.nekonecno.sk/user/shop/big/136436_pokemon-tcg-mega-evolution-04-chaos-rising-booster-pack-1.jpg?ff=1&x=1024&y=768&q=85&ts=69dc92cd&sg=161563f2
2026-08-29,nekonecno-sk,chaos-rising,etb,9,Pokémon TCG: Mega Evolution 04 Chaos Rising Elite Trainer Box,https://www.nekonecno.sk/pokemon-tcg-mega-evolution-04-chaos-rising-elite-trainer-box/,89.99,EUR,89.99,10.0,0,https://cdn.myshoptet.com/usr/www.nekonecno.sk/user/shop/big/136439_pokemon-tcg-mega-evolution-04-chaos-rising-elite-trainer-box-1.jpg?ff=1&x=1024&y=768&q=85&ts=69dc959a&sg=161563f2
2026-08-29,nekonecno-sk,pitch-black,bundle,6,Pokémon TCG: Mega Evolution 05 Pitch Black Booster Bundle,https://www.nekonecno.sk/pokemon-tcg-mega-evolution-05-pitch-black-booster-bundle/,47.99,EUR,47.99,8.0,0,https://cdn.myshoptet.com/usr/www.nekonecno.sk/user/shop/big/141251_pokemon-tcg-mega-evolution-05-pitch-black-booster-bundle-1.webp?ff=1&x=1024&y=768&q=85&ts=6a436610&sg=161563f2
2026-08-29,nekonecno-sk,pitch-black,booster,1,Pokémon TCG: Mega Evolution 05 Pitch Black Booster Pack,https://www.nekonecno.sk/pokemon-tcg-mega-evolution-05-pitch-black-booster-pack/,7.67,EUR,7.67,7.67,1,https://cdn.myshoptet.com/usr/www.nekonecno.sk/user/shop/big/141248_pokemon-tcg-mega-evolution-05-pitch-black-booster-pack.webp?ff=1&x=1024&y=768&q=85&ts=6a4363f5&sg=161563f2
2026-08-29,nekonecno-sk,prismatic-evolutions,bundle,6,Pokémon TCG: Scarlet & Violet 8.5 Prismatic Evolutions Booster Bundle,https://www.nekonecno.sk/pokemon-tcg-scarlet-violet-8-5-prismatic-evolutions-booster-bundle/,57.59,EUR,57.59,9.6,0,https://cdn.myshoptet.com/usr/www.nekonecno.sk/user/shop/big/114545_pokemon-tcg-scarlet-violet-8-5-prismatic-evolutions-booster-bundle-1.jpg?ff=1&x=1024&y=768&q=85&ts=678dff60&sg=161563f2
2026-08-29,nekonecno-sk,prismatic-evolutions,etb,9,Pokémon TCG: Scarlet & Violet 8.5 Prismatic Evolutions Elite Trainer Box,https://www.nekonecno.sk/pokemon-tcg-scarlet-violet-8-5-prismatic-evolutions-elite-trainer-box/,191.99,EUR,191.99,21.33,0,https://cdn.myshoptet.com/usr/www.nekonecno.sk/user/shop/big/114452_pokemon-tcg-scarlet-violet-8-5-prismatic-evolutions-elite-trainer-box-0196214105133-1.jpg?ff=1&x=1024&y=768&q=85&ts=6787c099&sg=161563f2
2026-08-29,pokemon4u-cz,pitch-black,booster,1,Pokémon TCG: Mega Evolution Pitch Black - Booster,https://www.pokemon4u.cz/pokemon-tcg--mega-evolution-pitch-black-booster/,149.0,CZK,6.17,6.17,1,https://cdn.myshoptet.com/usr/www.pokemon4u.cz/user/shop/big/49123-1_snimek-obrazovky-2026-07-12-143218.png?ff=1&x=1024&y=768&q=85&ts=6a53896e&sg=161563f2
2026-08-29,zardo-cz,pitch-black,bundle,6,Pokémon TCG: Mega Evolution—Pitch Black Booster Bundle,https://www.zardo.cards/en/p/pokemon-tcg-mega-evolution-pitch-black-booster-bundle,37.23,EUR,37.23,6.2,1,https://zardocards.s9.cdn-upgates.com/_cache/4/b/4bb7fd3a23a09972b5ba26a26fb2dd56-107828.jpg
2026-08-29,zardo-cz,chaos-rising,bundle,6,Pokémon TCG: Mega Evolution—Chaos Rising Booster Bundle,https://www.zardo.cards/en/p/pokemon-tcg-mega-evolution-chaos-rising-booster-bundle,41.37,EUR,41.37,6.89,1,https://zardocards.s9.cdn-upgates.com/_cache/9/b/9be32de9464fffe06db816d2beabb1ea-139525-p11219-me04-3d-booster-bundle-box-left-en-1000x1470-d37569e.png
2026-08-29,zardo-cz,pitch-black,booster,1,Pokémon TCG: Mega Evolution—Pitch Black Booster Pack,https://www.zardo.cards/en/p/pokemon-tcg-mega-evolution-pitch-black-booster-pack,5.76,EUR,5.76,5.76,1,https://zardocards.s9.cdn-upgates.com/_cache/7/8/78a7ca6c6c2948d2144b10cec14a7e60-p11220-me05-3d-booster-wraps-1-mdarkrai-en-780x1426-f9ba13a.png
2026-08-29,zardo-cz,chaos-rising,booster,1,Pokémon TCG: Mega Evolution —Chaos Rising Booster Pack,https://www.zardo.cards/en/p/pokemon-tcg-mega-evolution-chaos-rising-booster-pack,6.17,EUR,6.17,6.17,1,https://zardocards.s9.cdn-upgates.com/_cache/f/b/fb0b4304f280d4f1190f7805212186a0-139531-p11219-me04-3d-booster-wraps-1-mgreninja-en-780x1426-73ff281.png
2026-08-29,zardo-cz,pitch-black,etb,9,Pokémon TCG: Mega Evolution—Pitch Black Elite Trainer Box,https://www.zardo.cards/en/p/pokemon-tcg-mega-evolution-pitch-black-elite-trainer-box,74.49,EUR,74.49,8.28,1,https://zardocards.s9.cdn-upgates.com/_cache/e/7/e706af9bdce76987e41bd11311c2337d-p11220-me05-3d-etb-outersleeve-left-en-1200x1144-ff67cc5.png
2026-08-29,zardo-cz,chaos-rising,etb,9,Pokémon TCG: Mega Evolution—Chaos Rising Elite Trainer Box,https://www.zardo.cards/en/p/pokemon-tcg-mega-evolution-chaos-rising-elite-trainer-box,78.63,EUR,78.63,8.74,1,https://zardocards.s9.cdn-upgates.com/_cache/e/2/e2168d5824446185c3b080db60996b5f-139516-p11219-me04-3d-etb-outersleeve-left-en-1000x954-12c7d2a.png
2026-08-29,zardo-cz,ascended-heroes,etb,9,Pokémon TCG: Mega Evolution—Ascended Heroes Elite Trainer Box,https://www.zardo.cards/en/p/pokemon-tcg-mega-evolution-ascended-heroes-elite-trainer-box,165.59,EUR,165.59,18.4,1,https://zardocards.s9.cdn-upgates.com/_cache/6/d/6d0819e43d4e2bb30212c3c7a9ba330f-p11425-me02pt5-3d-etb-outersleeve-left-en-1200x1144-ff67cc5.png
2026-08-29,gengar-cz,pitch-black,bundle,6,Pokémon Mega Evolution - Pitch Black Booster Bundle,https://www.gengar.cz/p/pokemon-mega-evolution-pitch-black-booster-bundle,1099.0,CZK,45.51,7.58,0,https://gengar.s28.cdn-upgates.com/_cache/7/6/76e1a860ab1ada27c4c970de46791063-navrh-bez-nazvu-8.webp
2026-08-29,gengar-cz,prismatic-evolutions,booster,1,Pokémon Scarlet & Violet - Prismatic Evolutions Booster,https://www.gengar.cz/p/pokemon-prismatic-evolutions,589.0,CZK,24.39,24.39,0,https://gengar.s28.cdn-upgates.com/_cache/5/7/576449913f6b27d20dc553a56e96fe3a-obra-cc-81zek-20106-depositphotos-bgremover.png
2026-08-29,gengar-cz,pitch-black,booster,1,Pokémon Mega Evolution - Pitch Black Booster,https://www.gengar.cz/p/pokemon-mega-evolution-pitch-black-booster,159.0,CZK,6.58,6.58,0,https://gengar.s28.cdn-upgates.com/_cache/1/5/1508357f11f85a679b07c3e7b77bf674-3.webp
2026-08-29,pompo-cz,chaos-rising,booster,1,Pokémon TCG: ME04 Chaos Rising - Booster,https://pompo.cz/pokemon-tcg-me04-chaos-rising-booster_z267629/,139.0,CZK,5.76,5.76,1,https://data.pompo.cz/data/tmp/0/7/517097_0.jpg?1777026098_1
2026-08-29,pompo-cz,ascended-heroes,bundle,6,Pokémon TCG: ME02.5 Ascended Heroes - Booster Bundle,https://pompo.cz/pokemon-tcg-me02-5-ascended-heroes-booster-bundle_z267621/,2199.0,CZK,91.06,15.18,1,https://data.pompo.cz/data/tmp/0/8/517108_0.jpg?1777026105_1
2026-08-29,pompo-cz,chaos-rising,etb,9,Pokémon TCG: ME04 Chaos Rising - Elite Trainer Box,https://pompo.cz/pokemon-tcg-me04-chaos-rising-elite-trainer-box_z267627/,1894.0,CZK,78.43,8.71,1,https://data.pompo.cz/data/tmp/0/9/517079_0.jpg?1777026088_1
2026-08-29,pompo-cz,pitch-black,booster,1,Pokémon TCG: ME05 Pitch Black - Booster,https://pompo.cz/pokemon-tcg-me05-pitch-black-booster_z272061/,139.0,CZK,5.76,5.76,1,https://data.pompo.cz/data/tmp/0/3/533993_0.jpg?1783491695_1
2026-08-29,pompo-cz,perfect-order,booster,1,Pokémon TCG: ME03 Perfect Order - Booster,https://pompo.cz/pokemon-tcg-me03-perfect-order-booster_z264803/,149.0,CZK,6.17,6.17,1,https://data.pompo.cz/data/tmp/0/3/509403_0.jpg?1774520467_1
2026-08-29,pompo-cz,pitch-black,etb,9,Pokémon TCG: ME05 Pitch Black - Elite Trainer Box,https://pompo.cz/pokemon-tcg-me05-pitch-black-elite-trainer-box_z272059/,1899.0,CZK,78.64,8.74,1,https://data.pompo.cz/data/tmp/0/6/533986_0.jpg?1783491689_1
2026-08-29,pompo-cz,prismatic-evolutions,etb,9,Pokémon TCG: SV8.5 - Elite Trainer Box,https://pompo.cz/pokemon-tcg-sv8-5-elite-trainer-box_z226831/,4893.0,CZK,202.62,22.51,1,https://data.pompo.cz/data/tmp/0/5/388445_0.jpg?1736936636_1
2026-08-29,pompo-cz,perfect-order,etb,9,Pokémon TCG: ME03 Perfect Order - Elite Trainer Box,https://pompo.cz/pokemon-tcg-me03-perfect-order-elite-trainer-box_z264801/,1848.0,CZK,76.53,8.5,1,https://data.pompo.cz/data/tmp/0/8/509468_0.jpg?1774520498_1
2026-08-29,pompo-cz,ascended-heroes,etb,9,Pokémon TCG: ME02.5 Ascended Heroes - Elite Trainer Box,https://pompo.cz/pokemon-tcg-me02-5-ascended-heroes-elite-trainer-box_z262209/,4486.0,CZK,185.77,20.64,1,https://data.pompo.cz/data/tmp/0/1/496811_0.jpg?1770999985_1
2026-08-29,pompo-cz,prismatic-evolutions,bundle,6,Pokémon TCG: SV8.5 Prismatic Evolutions - Booster Bundle,https://pompo.cz/pokemon-tcg-sv8-5-prismatic-evolutions-booster-bundle_z230521/,2999.0,CZK,124.19,20.7,0,https://data.pompo.cz/data/tmp/0/6/397796_0.jpg?1741861312_1
2026-08-29,pompo-sk,chaos-rising,booster,1,Pokémon TCG: ME04 Chaos Rising - Booster,https://pompo.sk/pokemon-tcg-me04-chaos-rising-booster_z267629/,7.39,EUR,7.39,7.39,1,https://pompo.sk/data/tmp/0/7/517097_0.jpg?1777026098_1
2026-08-29,pompo-sk,ascended-heroes,bundle,6,Pokémon TCG: ME02.5 Ascended Heroes - Booster Bundle,https://pompo.sk/pokemon-tcg-me02-5-ascended-heroes-booster-bundle_z267621/,93.2,EUR,93.2,15.53,1,https://pompo.sk/data/tmp/0/8/517108_0.jpg?1777026105_1
2026-08-29,pompo-sk,chaos-rising,etb,9,Pokémon TCG: ME04 Chaos Rising - Elite Trainer Box,https://pompo.sk/pokemon-tcg-me04-chaos-rising-elite-trainer-box_z267627/,95.99,EUR,95.99,10.67,1,https://pompo.sk/data/tmp/0/9/517079_0.jpg?1777026088_1
2026-08-29,pompo-sk,pitch-black,booster,1,Pokémon TCG: ME05 Pitch Black - Booster,https://pompo.sk/pokemon-tcg-me05-pitch-black-booster_z272061/,5.9,EUR,5.9,5.9,1,https://pompo.sk/data/tmp/0/3/533993_0.jpg?1783491695_1
2026-08-29,pompo-sk,perfect-order,booster,1,Pokémon TCG: ME03 Perfect Order - Booster,https://pompo.sk/pokemon-tcg-me03-perfect-order-booster_z264803/,7.5,EUR,7.5,7.5,1,https://pompo.sk/data/tmp/0/3/509403_0.jpg?1774520467_1
2026-08-29,pompo-sk,pitch-black,etb,9,Pokémon TCG: ME05 Pitch Black - Elite Trainer Box,https://pompo.sk/pokemon-tcg-me05-pitch-black-elite-trainer-box_z272059/,129.9,EUR,129.9,14.43,1,https://pompo.sk/data/tmp/0/6/533986_0.jpg?1783491689_1
2026-08-29,pompo-sk,perfect-order,etb,9,Pokémon TCG: ME03 Perfect Order - Elite Trainer Box,https://pompo.sk/pokemon-tcg-me03-perfect-order-elite-trainer-box_z264801/,80.4,EUR,80.4,8.93,1,https://pompo.sk/data/tmp/0/8/509468_0.jpg?1774520498_1
2026-08-29,pompo-sk,ascended-heroes,etb,9,Pokémon TCG: ME02.5 Ascended Heroes - Elite Trainer Box,https://pompo.sk/pokemon-tcg-me02-5-ascended-heroes-elite-trainer-box_z262209/,187.9,EUR,187.9,20.88,1,https://pompo.sk/data/tmp/0/1/496811_0.jpg?1770999985_1
2026-08-29,pompo-sk,prismatic-evolutions,etb,9,Pokémon TCG: SV8.5 - Elite Trainer Box,https://pompo.sk/pokemon-tcg-sv8-5-elite-trainer-box_z226831/,194.99,EUR,194.99,21.67,1,https://pompo.sk/data/tmp/0/5/388445_0.jpg?1736936636_1
2026-08-29,digihry-sk,chaos-rising,booster,1,Pokémon TCG: ME04 Chaos Rising - Booster,https://www.digihry.sk/p-65354/pokemon-tcg-me04-chaos-rising-booster-tcg,6.0,EUR,6.0,6.0,1,https://www.digihry.sk/obrazky/df14c5b151cbd002d10c10d213917e59_500-500.jpg
2026-08-29,digihry-sk,chaos-rising,bundle,6,Pokémon TCG: ME04 Chaos Rising - Booster Bundle,https://www.digihry.sk/p-65130/pokemon-tcg-me04-chaos-rising-booster-bundle-tcg,37.95,EUR,37.95,6.33,1,https://www.digihry.sk/obrazky/4a65091dcd8c5f0140c1fd1377b062d2_500-500.jpg
2026-08-29,digihry-sk,prismatic-evolutions,bundle,6,Pokémon TCG: SV8.5 Prismatic Evolutions - Booster Bundle,https://www.digihry.sk/p-12965/pokemon-tcg-sv8-5-prismatic-evolutions-booster-bundle-tcg,95.01,EUR,95.01,15.84,0,https://www.digihry.sk/obrazky/fe63f05fc9c308ae432b4569a898e6c1_500-500.jpg
2026-08-29,digihry-sk,ascended-heroes,bundle,6,Pokémon TCG: ME02.5 Ascended Heroes - Booster Bundle,https://www.digihry.sk/p-63879/pokemon-tcg-me02-5-ascended-heroes-booster-bundle-tcg,75.01,EUR,75.01,12.5,0,https://www.digihry.sk/obrazky/78444a6a1278e7a452f55696bffd5481_500-500.jpg
2026-08-29,digihry-sk,perfect-order,bundle,6,Pokémon TCG: ME03 Perfect Order - Booster Bundle,https://www.digihry.sk/p-36713/pokemon-tcg-me03-perfect-order-booster-bundle-tcg,38.5,EUR,38.5,6.42,0,https://www.digihry.sk/obrazky/aeb1f427c1071037cfd05f288fd09254_500-500.jpg
2026-08-29,digihry-sk,chaos-rising,booster-box,36,Pokémon TCG: ME04 Chaos Rising - Booster Box,https://www.digihry.sk/p-65132/pokemon-tcg-me04-chaos-rising-booster-box-tcg,214.95,EUR,214.95,5.97,0,https://www.digihry.sk/obrazky/b3f7fdcefccbe8d6c34ee4cd6185390a_500-500.jpg
2026-08-29,digihry-sk,pitch-black,bundle,6,Pokémon TCG: ME05 Pitch Black - Booster Bundle,https://www.digihry.sk/p-67357/pokemon-tcg-me05-pitch-black-booster-bundle-tcg,39.95,EUR,39.95,6.66,0,https://www.digihry.sk/obrazky/7f4dd80b7d0824ffc95eec86cec8673e_500-500.jpg
2026-08-29,digihry-sk,perfect-order,booster-box,36,Pokémon TCG: ME03 Perfect Order - Booster Box,https://www.digihry.sk/p-36696/pokemon-tcg-me03-perfect-order-booster-box-tcg,195.95,EUR,195.95,5.44,0,https://www.digihry.sk/obrazky/347ba1cdd26651577d0dcc540ec3e6c7_500-500.jpg
2026-08-29,digihry-sk,pitch-black,booster-box,36,Pokémon TCG: ME05 Pitch Black - Booster Box,https://www.digihry.sk/p-67375/pokemon-tcg-me05-pitch-black-booster-box-tcg,214.95,EUR,214.95,5.97,0,https://www.digihry.sk/obrazky/fdf2996bb1d9932f7ca1b965e2826141_500-500.jpg
2026-08-29,pgs-sk,pitch-black,booster,1,Pokémon TCG: Mega Evolution Pitch Black - Booster,https://www.pgs.sk/pokemon-tcg-mega-evolution-pitch-black-booster-4p278008,5.99,EUR,5.99,5.99,1,https://doc.smarty.sk/pic/d_d8c1e63caa334e8fad8555668efc8249-200-200.webp
2026-08-29,pgs-sk,perfect-order,booster,1,Pokémon TCG: ME03 - Perfect Order - Booster,https://www.pgs.sk/pokemon-tcg-me03-perfect-order-booster-4p255655,5.99,EUR,5.99,5.99,1,https://doc.smarty.sk/pic/G5XR000K01-200-200.webp
2026-08-29,pgs-sk,chaos-rising,booster,1,Pokémon TCG: ME04 - Chaos Rising Booster,https://www.pgs.sk/pokemon-tcg-me04-chaos-rising-booster-4p263550,5.99,EUR,5.99,5.99,1,https://doc.smarty.sk/pic/d_15e2dc6711f34cbf9569a5b471fd53ca-200-200.webp
2026-08-29,vesely-drak-cz,pitch-black,booster-box,36,Pokémon Pitch Black Booster Box,https://www.vesely-drak.cz/produkty/booster-boxy/18700-pokemon-pitch-black-booster-box/,5499.0,CZK,227.71,6.33,1,https://www.vesely-drak.cz/obrazek/69faf2349daee/pokemon-pitch-black-booster-box-69faf35e1f072.jpg
2026-08-29,vesely-drak-cz,pitch-black,booster,1,Pokémon Pitch Black Booster,https://www.vesely-drak.cz/produkty/booster-boxy/18702-pokemon-pitch-black-booster/,149.0,CZK,6.17,6.17,1,https://www.vesely-drak.cz/obrazek/69faf2349daee/pokemon-pitch-black-booster-balicek-69fb0164042af.jpg
2026-08-29,vesely-drak-cz,pitch-black,bundle,6,Pokémon Pitch Black Booster Bundle,https://www.vesely-drak.cz/produkty/booster-boxy/18706-pokemon-pitch-black-booster-bundle/,1099.0,CZK,45.51,7.58,1,https://www.vesely-drak.cz/obrazek/69fb4c6968808/pokemon-pitch-black-booster-bundle-69fb4f4bbaa47.jpg
2026-08-29,vesely-drak-cz,chaos-rising,booster-box,36,Pokémon Chaos Rising Booster Box,https://www.vesely-drak.cz/produkty/booster-boxy/18272-pokemon-chaos-rising-booster-box/,5499.0,CZK,227.71,6.33,1,https://www.vesely-drak.cz/obrazek/69b91d1e64667/pokemon-chaos-rising-booster-box-69b921e09b8fb.jpg
2026-08-29,vesely-drak-cz,ascended-heroes,bundle,6,Pokémon Ascended Heroes Booster Bundle,https://www.vesely-drak.cz/produkty/booster-boxy/17294-pokemon-ascended-heroes-booster-bundle/,2399.0,CZK,99.34,16.56,1,https://www.vesely-drak.cz/obrazek/69244c79872ee/pokemon-tcg-mega-evolution--ascended-heroes-booster-bundle-copy-692458c956276.jpg
2026-08-29,vesely-drak-cz,chaos-rising,bundle,6,Pokémon Chaos Rising Booster Bundle,https://www.vesely-drak.cz/produkty/booster-boxy/18284-pokemon-chaos-rising-booster-bundle/,1499.0,CZK,62.07,10.35,0,https://www.vesely-drak.cz/obrazek/69b97d04cc69c/pokemon-chaos-rising-booster-bundle-69ba5ddc40c92.jpg
2026-08-29,vesely-drak-cz,perfect-order,booster-box,36,Pokémon Perfect Order Booster Box,https://www.vesely-drak.cz/produkty/booster-boxy/17646-pokemon-perfect-order-booster-box/,5999.0,CZK,248.42,6.9,0,https://www.vesely-drak.cz/obrazek/6964cfa112467/perfect-order-booster-box-scaled-6964d5ad7f2fd.jpg
2026-08-29,vesely-drak-cz,perfect-order,bundle,6,Pokémon Perfect Order Booster Bundle,https://www.vesely-drak.cz/produkty/booster-boxy/18075-pokemon-perfect-order-booster-bundle/,999.0,CZK,41.37,6.89,0,https://www.vesely-drak.cz/obrazek/699c6cf0ded79/pokemon-perfect-order-booster-bundle-699c78c989134.jpg
2026-08-29,vesely-drak-cz,prismatic-evolutions,bundle,6,Pokémon Prismatic Evolutions - Booster Bundle (6 balíčků),https://www.vesely-drak.cz/produkty/boostery/14503-pokemon-prismatic-evolutions-booster-bundle-6-balicku/,2299.0,CZK,95.2,15.87,0,https://www.vesely-drak.cz/obrazek/672b1c4c3dc2f/1111-672b1fbc455b4.jpg
2026-08-29,vesely-drak-cz,chaos-rising,booster,1,Pokémon Chaos Rising Booster,https://www.vesely-drak.cz/produkty/boostery/18271-pokemon-chaos-rising-booster/,149.0,CZK,6.17,6.17,1,https://www.vesely-drak.cz/obrazek/69b9025495224/pokemon-chaos-rising-booster-pack-balicek-1-69b91aa25ae83.jpg
2026-08-29,vesely-drak-cz,perfect-order,booster,1,Pokémon Perfect Order Booster,https://www.vesely-drak.cz/produkty/boostery/17645-pokemon-perfect-order-booster/,169.0,CZK,7.0,7.0,0,https://www.vesely-drak.cz/obrazek/6964c77d6b78f/pokemon-tcg-mega-evolution--perfect-order-booster-wrap-meowth-6964cdea7c059.jpg
2026-08-29,vesely-drak-cz,prismatic-evolutions,booster,1,Pokémon Prismatic Evolutions Booster,https://www.vesely-drak.cz/produkty/jednotlive-boostery-pokemon/14465-pokemon-prismatic-evolutions-booster/,399.0,CZK,16.52,16.52,0,https://www.vesely-drak.cz/obrazek/6726099699990/boos-67260b3c8a9f1.jpg
2026-08-29,vesely-drak-sk,pitch-black,booster-box,36,Pokémon Pitch Black Booster Box,https://www.vesely-drak.sk/produkty/booster-boxy/18700-pokemon-pitch-black-booster-box/,219.96,EUR,219.96,6.11,1,https://www.vesely-drak.sk/obrazek/69faf2349daee/pokemon-pitch-black-booster-box-69faf35e1f072.jpg
2026-08-29,vesely-drak-sk,pitch-black,booster,1,Pokémon Pitch Black Booster,https://www.vesely-drak.sk/produkty/booster-boxy/18702-pokemon-pitch-black-booster/,5.96,EUR,5.96,5.96,1,https://www.vesely-drak.sk/obrazek/69faf2349daee/pokemon-pitch-black-booster-balicek-69fb0164042af.jpg
2026-08-29,vesely-drak-sk,pitch-black,bundle,6,Pokémon Pitch Black Booster Bundle,https://www.vesely-drak.sk/produkty/booster-boxy/18706-pokemon-pitch-black-booster-bundle/,43.96,EUR,43.96,7.33,1,https://www.vesely-drak.sk/obrazek/69fb4c6968808/pokemon-pitch-black-booster-bundle-69fb4f4bbaa47.jpg
2026-08-29,vesely-drak-sk,chaos-rising,booster-box,36,Pokémon Chaos Rising Booster Box,https://www.vesely-drak.sk/produkty/booster-boxy/18272-pokemon-chaos-rising-booster-box/,219.96,EUR,219.96,6.11,1,https://www.vesely-drak.sk/obrazek/69b91d1e64667/pokemon-chaos-rising-booster-box-69b921e09b8fb.jpg
2026-08-29,vesely-drak-sk,ascended-heroes,bundle,6,Pokémon Ascended Heroes Booster Bundle,https://www.vesely-drak.sk/produkty/booster-boxy/17294-pokemon-ascended-heroes-booster-bundle/,95.96,EUR,95.96,15.99,1,https://www.vesely-drak.sk/obrazek/69244c79872ee/pokemon-tcg-mega-evolution--ascended-heroes-booster-bundle-copy-692458c956276.jpg
2026-08-29,vesely-drak-sk,chaos-rising,bundle,6,Pokémon Chaos Rising Booster Bundle,https://www.vesely-drak.sk/produkty/booster-boxy/18284-pokemon-chaos-rising-booster-bundle/,59.96,EUR,59.96,9.99,0,https://www.vesely-drak.sk/obrazek/69b97d04cc69c/pokemon-chaos-rising-booster-bundle-69ba5ddc40c92.jpg
2026-08-29,vesely-drak-sk,perfect-order,booster-box,36,Pokémon Perfect Order Booster Box,https://www.vesely-drak.sk/produkty/booster-boxy/17646-pokemon-perfect-order-booster-box/,239.96,EUR,239.96,6.67,0,https://www.vesely-drak.sk/obrazek/6964cfa112467/perfect-order-booster-box-scaled-6964d5ad7f2fd.jpg
2026-08-29,vesely-drak-sk,perfect-order,bundle,6,Pokémon Perfect Order Booster Bundle,https://www.vesely-drak.sk/produkty/booster-boxy/18075-pokemon-perfect-order-booster-bundle/,39.96,EUR,39.96,6.66,0,https://www.vesely-drak.sk/obrazek/699c6cf0ded79/pokemon-perfect-order-booster-bundle-699c78c989134.jpg
2026-08-29,vesely-drak-sk,prismatic-evolutions,bundle,6,Pokémon Prismatic Evolutions - Booster Bundle (6 balíčkov),https://www.vesely-drak.sk/produkty/boostery/14503-pokemon-prismatic-evolutions-booster-bundle-6-balicku/,91.96,EUR,91.96,15.33,0,https://www.vesely-drak.sk/obrazek/672b1c4c3dc2f/1111-672b1fbc455b4.jpg
2026-08-29,vesely-drak-sk,chaos-rising,booster,1,Pokémon Chaos Rising Booster,https://www.vesely-drak.sk/produkty/boostery/18271-pokemon-chaos-rising-booster/,5.96,EUR,5.96,5.96,1,https://www.vesely-drak.sk/obrazek/69b9025495224/pokemon-chaos-rising-booster-pack-balicek-1-69b91aa25ae83.jpg
2026-08-29,vesely-drak-sk,perfect-order,booster,1,Pokémon Perfect Order Booster,https://www.vesely-drak.sk/produkty/boostery/17645-pokemon-perfect-order-booster/,6.76,EUR,6.76,6.76,0,https://www.vesely-drak.sk/obrazek/6964c77d6b78f/pokemon-tcg-mega-evolution--perfect-order-booster-wrap-meowth-6964cdea7c059.jpg
2026-08-29,vesely-drak-sk,prismatic-evolutions,booster,1,Pokémon Prismatic Evolutions Booster,https://www.vesely-drak.sk/produkty/jednotlive-boostery-pokemon/14465-pokemon-prismatic-evolutions-booster/,15.96,EUR,15.96,15.96,0,https://www.vesely-drak.sk/obrazek/6726099699990/boos-67260b3c8a9f1.jpg
2026-08-29,cardyx-sk,chaos-rising,booster,1,Pokémon Chaos Rising Booster Pack,https://www.cardyx.sk/products/pokemon-chaos-rising-booster-pack,6.99,EUR,6.99,6.99,1,https://cdn.shopify.com/s/files/1/0669/4961/1785/files/5704a4015d1f145a95e92dff3f4ca977.webp?v=1783718920
2026-08-29,cardyx-sk,30th-celebration,etb,10,Pokémon TCG - 30th Anniversary Celebrations - Elite Trainer Box,https://www.cardyx.sk/products/pokemon-tcg-30th-anniversary-celebrations-elite-trainer-box,189.99,EUR,189.99,19.0,1,https://cdn.shopify.com/s/files/1/0669/4961/1785/files/19992_20-cards--5.webp?v=1787671039
2026-08-29,cardyx-sk,ascended-heroes,etb,9,Pokemon TCG - Ascended Heroes - Elite Trainer Box,https://www.cardyx.sk/products/pokemon-tcg-ascendent-heroes-elite-trainer-box,169.99,EUR,169.99,18.89,1,https://cdn.shopify.com/s/files/1/0669/4961/1785/files/255839.webp?v=1767350429
2026-08-29,cardyx-sk,ascended-heroes,booster,1,Pokémon TCG - Mega Evolution - Ascended Heroes Booster Pack,https://www.cardyx.sk/products/pokemon-tcg-mega-evolution-ascended-heroes-booster-pack,14.99,EUR,14.99,14.99,1,https://cdn.shopify.com/s/files/1/0669/4961/1785/files/P11437_10-10311-114_03.webp?v=1785766518
2026-08-29,cardyx-sk,chaos-rising,booster-box,36,Pokémon TCG - Mega Evolution - Chaos Rising - Booster Box,https://www.cardyx.sk/products/pokemon-tcg-mega-evolution-chaos-rising-booster-box,239.99,EUR,239.99,6.67,1,https://cdn.shopify.com/s/files/1/0669/4961/1785/files/P11219_10-10407-119_01.jpg?v=1777102376
2026-08-29,cardyx-sk,ascended-heroes,bundle,6,Pokémon TCG: Ascended Heroes - Booster Bundle,https://www.cardyx.sk/products/pokemon-tcg-ascended-heroes-booster-bundle,84.99,EUR,84.99,14.16,0,https://cdn.shopify.com/s/files/1/0669/4961/1785/files/P11437_10-10311-114_01.jpg?v=1770046542
2026-08-29,cardyx-sk,chaos-rising,etb,9,Pokémon TCG: Mega Evolution - Chaos Rising - Elite Trainer Box,https://www.cardyx.sk/products/pokemon-tcg-mega-evolution-chaos-rising-elite-trainer-box,87.99,EUR,87.99,9.78,1,https://cdn.shopify.com/s/files/1/0669/4961/1785/files/17436_6x--19.webp?v=1780061151
2026-08-29,cardyx-sk,pitch-black,bundle,6,Pokémon TCG: Mega Evolution - Pitch Black - Booster Bundle,https://www.cardyx.sk/products/pokemon-tcg-mega-evolution-pitch-black-booster-bundle,54.99,EUR,54.99,9.17,1,https://cdn.shopify.com/s/files/1/0669/4961/1785/files/Karty-Pokemon-TCG-ME05-Pitch-Black-Booster-Bundle-PREDPOBJEDNAVKA.jpg?v=1782306811
2026-08-29,cardyx-sk,pitch-black,etb,9,Pokémon TCG: Mega Evolution - Pitch Black - Elite Trainer Box,https://www.cardyx.sk/products/pokemon-tcg-mega-evolution-pitch-black-elite-trainer-box,99.99,EUR,99.99,11.11,1,https://cdn.shopify.com/s/files/1/0669/4961/1785/files/karetni-hra-pokemon-tcg-mega-evolution-elite-trainer-box-900w.png?v=1782307724
2026-08-29,cardyx-sk,pitch-black,booster-box,36,Pokémon TCG: Mega Evolution - Pitch Black Booster Box,https://www.cardyx.sk/products/pokemon-tcg-mega-evolution-pitch-black-booster-box,237.99,EUR,237.99,6.61,1,https://cdn.shopify.com/s/files/1/0669/4961/1785/files/Untitled-1_ffad5339-e750-4d20-acf9-f6382c291bc4.jpg?v=1780224571
2026-08-29,cardyx-sk,perfect-order,booster-box,36,Pokémon TCG: Perfect Order - Booster Box,https://www.cardyx.sk/products/pokemon-tcg-perfect-order-booster-box,219.99,EUR,219.99,6.11,1,https://cdn.shopify.com/s/files/1/0669/4961/1785/files/P11218_10-10380-101_01.jpg?v=1770047871
2026-08-29,cardyx-sk,perfect-order,etb,9,Pokémon TCG: Perfect Order - Elite Trainer Box,https://www.cardyx.sk/products/pokemon-tcg-perfect-order-elite-trainer-box,74.99,EUR,74.99,8.33,1,https://cdn.shopify.com/s/files/1/0669/4961/1785/files/pokemon-tcg-mega-evolution-perfect-order-elite-trainer-box.avif?v=1770047403
2026-08-29,cardyx-sk,perfect-order,booster,1,Pokémon TCG: Perfect Order Booster Pack,https://www.cardyx.sk/products/pokemon-tcg-perfect-order-booster-pack,6.99,EUR,6.99,6.99,1,https://cdn.shopify.com/s/files/1/0669/4961/1785/files/P11218_10-10380-101_03.webp?v=1783718364
2026-08-29,cardyx-sk,pitch-black,booster,1,Pokémon TCG: Pitch Black Booster Pack,https://www.cardyx.sk/products/pokemon-tcg-pitch-black-booster-pack,6.99,EUR,6.99,6.99,1,https://cdn.shopify.com/s/files/1/0669/4961/1785/files/images_6.jpg?v=1785686593
2026-08-29,cardyx-sk,prismatic-evolutions,bundle,6,Pokémon: Prismatic Evolutions - Booster Bundle,https://www.cardyx.sk/products/pokemon-prismatic-evolutions-booster-bundle,98.99,EUR,98.99,16.5,0,https://cdn.shopify.com/s/files/1/0669/4961/1785/files/fe63f05fc9c308ae432b4569a898e6c1.jpg?v=1738072818
2026-08-29,alza-cz,chaos-rising,bundle,6,Pokémon TCG: ME04 Chaos Rising - Booster Bundle,https://www.alza.cz/hracky/pokemon-tcg-me04-chaos-rising-booster-bundle-d13373964.htm,999.0,CZK,41.37,6.89,1,https://image.alza.cz/products/HRAls21420/HRAls21420.jpg?width=230&height=230
2026-08-29,alza-cz,pitch-black,booster,1,Pokémon TCG: ME05 Pitch Black - Booster,https://www.alza.cz/hracky/pokemon-tcg-me05-pitch-black-booster-d13465380.htm,139.0,CZK,5.76,5.76,1,https://image.alza.cz/products/HRAls22453/HRAls22453.jpg?width=230&height=230
2026-08-29,alza-cz,chaos-rising,booster,1,Pokémon TCG: ME04 Chaos Rising - Booster,https://www.alza.cz/hracky/pokemon-tcg-me04-chaos-rising-booster-d13373961.htm,139.0,CZK,5.76,5.76,1,https://image.alza.cz/products/HRAls21418/HRAls21418.jpg?width=230&height=230
2026-08-29,alza-cz,ascended-heroes,bundle,6,Pokémon TCG: ME02.5 Ascended Heroes - Booster Bundle,https://www.alza.cz/hracky/pokemon-tcg-me02-5-ascended-heroes-booster-bundle-d13341019.htm,1999.0,CZK,82.78,13.8,0,https://image.alza.cz/products/HRAls21109/HRAls21109.jpg?width=230&height=230
2026-08-29,alza-cz,pitch-black,bundle,6,Pokémon TCG: ME05 Pitch Black - Booster Bundle,https://www.alza.cz/hracky/pokemon-tcg-me05-pitch-black-booster-bundle-d13465379.htm,999.0,CZK,41.37,6.89,0,https://image.alza.cz/products/HRAls22455/HRAls22455.jpg?width=230&height=230
2026-08-29,alza-cz,perfect-order,booster,1,Pokémon TCG: ME03 Perfect Order - Booster,https://www.alza.cz/hracky/pokemon-tcg-me03-perfect-order-booster-d13221714.htm,149.0,CZK,6.17,6.17,0,https://image.alza.cz/products/HRAls19399/HRAls19399.jpg?width=230&height=230
2026-08-29,alza-cz,perfect-order,bundle,6,Pokémon TCG: ME03 Perfect Order - Booster Bundle,https://www.alza.cz/hracky/pokemon-tcg-me03-perfect-order-booster-bundle-d13221715.htm,859.0,CZK,35.57,5.93,0,https://image.alza.cz/products/HRAls19401/HRAls19401.jpg?width=230&height=230
2026-08-29,alza-cz,pitch-black,etb,9,Pokémon TCG: ME05 Pitch Black - Elite Trainer Box,https://www.alza.cz/hracky/pokemon-tcg-me05-pitch-black-elite-trainer-box-d13465378.htm,1899.0,CZK,78.64,8.74,0,https://image.alza.cz/products/HRAls22454/HRAls22454.jpg?width=230&height=230
2026-08-29,alza-cz,chaos-rising,etb,9,Pokémon TCG: ME04 Chaos Rising - Elite Trainer Box,https://www.alza.cz/hracky/pokemon-tcg-me04-chaos-rising-elite-trainer-box-d13373962.htm,1799.0,CZK,74.5,8.28,0,https://image.alza.cz/products/HRAls21419/HRAls21419.jpg?width=230&height=230
2026-08-29,alza-cz,perfect-order,etb,9,Pokémon TCG: ME03 Perfect Order - Elite Trainer Box,https://www.alza.cz/hracky/pokemon-tcg-me03-perfect-order-elite-trainer-box-d13221718.htm,2299.0,CZK,95.2,10.58,0,https://image.alza.cz/products/HRAls19400/HRAls19400.jpg?width=230&height=230
2026-08-29,alza-sk,pitch-black,booster,1,Pokémon TCG: ME05 Pitch Black - Booster,https://www.alza.sk/hracky/pokemon-tcg-me05-pitch-black-booster-d13465380.htm,5.89,EUR,5.89,5.89,1,https://image.alza.cz/products/HRAls22453/HRAls22453.jpg?width=230&height=230
2026-08-29,alza-sk,chaos-rising,bundle,6,Pokémon TCG: ME04 Chaos Rising - Booster Bundle,https://www.alza.sk/hracky/pokemon-tcg-me04-chaos-rising-booster-bundle-d13373964.htm,39.9,EUR,39.9,6.65,1,https://image.alza.cz/products/HRAls21420/HRAls21420.jpg?width=230&height=230
2026-08-29,alza-sk,chaos-rising,booster,1,Pokémon TCG: ME04 Chaos Rising – Booster,https://www.alza.sk/hracky/pokemon-tcg-me04-chaos-rising-booster-d13373961.htm,5.99,EUR,5.99,5.99,1,https://image.alza.cz/products/HRAls21418/HRAls21418.jpg?width=230&height=230
2026-08-29,alza-sk,ascended-heroes,bundle,6,Pokémon TCG: ME02.5 Ascended Heroes - Booster Bundle,https://www.alza.sk/hracky/pokemon-tcg-me02-5-ascended-heroes-booster-bundle-d13341019.htm,69.9,EUR,69.9,11.65,0,https://image.alza.cz/products/HRAls21109/HRAls21109.jpg?width=230&height=230
2026-08-29,alza-sk,pitch-black,bundle,6,Pokémon TCG: ME05 Pitch Black – Booster Bundle,https://www.alza.sk/hracky/pokemon-tcg-me05-pitch-black-booster-bundle-d13465379.htm,38.9,EUR,38.9,6.48,0,https://image.alza.cz/products/HRAls22455/HRAls22455.jpg?width=230&height=230
2026-08-29,alza-sk,perfect-order,booster,1,Pokémon TCG: ME03 Perfect Order – Booster,https://www.alza.sk/hracky/pokemon-tcg-me03-perfect-order-booster-d13221714.htm,5.9,EUR,5.9,5.9,0,https://image.alza.cz/products/HRAls19399/HRAls19399.jpg?width=230&height=230
2026-08-29,alza-sk,perfect-order,bundle,6,Pokémon TCG: ME03 Perfect Order – Booster Bundle,https://www.alza.sk/hracky/pokemon-tcg-me03-perfect-order-booster-bundle-d13221715.htm,35.9,EUR,35.9,5.98,0,https://image.alza.cz/products/HRAls19401/HRAls19401.jpg?width=230&height=230
2026-08-29,alza-sk,chaos-rising,etb,9,Pokémon TCG: ME04 Chaos Rising - Elite Trainer Box,https://www.alza.sk/hracky/pokemon-tcg-me04-chaos-rising-elite-trainer-box-d13373962.htm,75.9,EUR,75.9,8.43,0,https://image.alza.cz/products/HRAls21419/HRAls21419.jpg?width=230&height=230
2026-08-29,alza-sk,pitch-black,etb,9,Pokémon TCG: ME05 Pitch Black - Elite Trainer Box,https://www.alza.sk/hracky/pokemon-tcg-me05-pitch-black-elite-trainer-box-d13465378.htm,74.9,EUR,74.9,8.32,0,https://image.alza.cz/products/HRAls22454/HRAls22454.jpg?width=230&height=230
2026-08-29,alza-sk,perfect-order,etb,9,Pokémon TCG: ME03 Perfect Order – Elite Trainer Box,https://www.alza.sk/hracky/pokemon-tcg-me03-perfect-order-elite-trainer-box-d13221718.htm,96.01,EUR,96.01,10.67,0,https://image.alza.cz/products/HRAls19400/HRAls19400.jpg?width=230&height=230
2026-08-29,tcg4you-cz,ascended-heroes,booster,1,Pokémon TCG: ME02.5 Ascended Heroes - Booster,https://www.tcg4you.cz/pokemon-tcg--me02-5-ascended-heroes-booster/,289.0,CZK,11.97,11.97,1,https://cdn.myshoptet.com/usr/www.tcg4you.cz/user/shop/big/174_asc-boosteros.webp?ff=1&x=1024&y=768&q=85&ts=6a44ebfb&sg=161563f2
2026-08-29,tcg4you-cz,pitch-black,bundle,6,Pokémon TCG: ME05 Pitch Black - Booster Bundle,https://www.tcg4you.cz/pokemon-tcg--me05-pitch-black-booster-bundle/,999.0,CZK,41.37,6.89,1,https://cdn.myshoptet.com/usr/www.tcg4you.cz/user/shop/big/414_pitch-bundle.webp?ff=1&x=1024&y=768&q=85&ts=6a5fca75&sg=161563f2
2026-08-29,tcg4you-cz,chaos-rising,bundle,6,Pokémon TCG: ME04 Chaos Rising - Booster Bundle,https://www.tcg4you.cz/pokemon-tcg--me04-chaos-rising-booster-bundle/,999.0,CZK,41.37,6.89,1,https://cdn.myshoptet.com/usr/www.tcg4you.cz/user/shop/big/113_chaos-bundle.webp?ff=1&x=1024&y=768&q=85&ts=6a159529&sg=161563f2
2026-08-29,tcg4you-cz,ascended-heroes,bundle,6,Pokémon TCG: ME02.5 Ascended Heroes - Booster Bundle,https://www.tcg4you.cz/pokemon-tcg--me02-5-ascended-heroes-booster-bundle/,1999.0,CZK,82.78,13.8,0,https://cdn.myshoptet.com/usr/www.tcg4you.cz/user/shop/big/69_asc-bundle.png?ff=1&x=1024&y=768&q=85&ts=69ebb188&sg=161563f2
2026-08-29,tcg4you-cz,pitch-black,etb,9,Pokémon TCG: ME05 Pitch Black - Elite Trainer Box,https://www.tcg4you.cz/pokemon-tcg--me05-pitch-black-elite-trainer-box/,1999.0,CZK,82.78,9.2,1,https://cdn.myshoptet.com/usr/www.tcg4you.cz/user/shop/big/402_pitch-etb-1.webp?ff=1&x=1024&y=768&q=85&ts=6a5fbc76&sg=161563f2
2026-08-29,tcg4you-cz,chaos-rising,etb,9,Pokémon TCG: ME04 Chaos Rising - Elite Trainer Box,https://www.tcg4you.cz/pokemon-tcg--me04-chaos-rising-elite-trainer-box/,1999.0,CZK,82.78,9.2,1,https://cdn.myshoptet.com/usr/www.tcg4you.cz/user/shop/big/98_chaos-rising.png?ff=1&x=1024&y=768&q=85&ts=6a157d66&sg=161563f2
2026-08-29,tcg4you-cz,perfect-order,etb,9,Pokémon TCG: ME03 Perfect Order - Elite Trainer Box,https://www.tcg4you.cz/pokemon-tcg--me03-perfect-order-elite-trainer-box/,1899.0,CZK,78.64,8.74,1,https://cdn.myshoptet.com/usr/www.tcg4you.cz/user/shop/big/450_perfect-etb.jpg?ff=1&x=1024&y=768&q=85&ts=6a6f3059&sg=161563f2
2026-08-29,tcg4you-cz,ascended-heroes,etb,9,Pokémon TCG: ME02.5 Ascended Heroes - Elite Trainer Box,https://www.tcg4you.cz/pokemon-tcg--me02-5-ascended-heroes-elite-trainer-box/,4099.0,CZK,169.74,18.86,1,https://cdn.myshoptet.com/usr/www.tcg4you.cz/user/shop/big/198_hrals19392.png?ff=1&x=1024&y=768&q=85&ts=6a47ca01&sg=161563f2
2026-08-29,tcg4you-cz,prismatic-evolutions,etb,9,Pokémon TCG: SV8.5 Prismatic Evolutions - Elite Trainer Box,https://www.tcg4you.cz/pokemon-tcg--sv8-5-prismatic-evolutions-elite-trainer-box/,4299.0,CZK,178.02,19.78,1,https://cdn.myshoptet.com/usr/www.tcg4you.cz/user/shop/big/303_prismatic-evolution-etb.webp?ff=1&x=1024&y=768&q=85&ts=6a4e43bd&sg=161563f2
2026-08-29,tcg4you-cz,perfect-order,booster-box,36,Pokémon TCG: ME03 Perfect Order - Booster box,https://www.tcg4you.cz/pokemon-tcg--me03-perfect-order-booster-box/,4999.0,CZK,207.01,5.75,1,https://cdn.myshoptet.com/usr/www.tcg4you.cz/user/shop/big/495_perfect-booster-box.png?ff=1&x=1024&y=768&q=85&ts=6a90748c&sg=161563f2
2026-08-29,tcg4you-cz,chaos-rising,booster-box,36,Pokémon TCG: ME04 Chaos Rising - Booster Box,https://www.tcg4you.cz/pokemon-tcg--me04-chaos-rising-booster-box/,4999.0,CZK,207.01,5.75,1,https://cdn.myshoptet.com/usr/www.tcg4you.cz/user/shop/big/492_caa.webp?ff=1&x=1024&y=768&q=85&ts=6a904baa&sg=161563f2
2026-08-29,cardempire-sk,perfect-order,booster-box,36,Pokémon TCG - Perfect Order - Booster Box,https://www.cardempire.sk/en/pokemon-tcg-perfect-order-booster-box/,200.0,EUR,200.0,5.56,1,https://cdn.myshoptet.com/usr/www.cardempire.sk/user/shop/big/16700_untitled-design--60.png?ff=1&x=1024&y=768&q=85&ts=699a28b8&sg=161563f2
2026-08-29,cardempire-sk,pitch-black,bundle,6,Pokémon TCG - Pitch Black - Booster Bundle,https://www.cardempire.sk/en/pokemon-tcg-pitch-black-booster-bundle/,45.0,EUR,45.0,7.5,1,https://cdn.myshoptet.com/usr/www.cardempire.sk/user/shop/big/19935_20-cards--40.png?ff=1&x=1024&y=768&q=85&ts=6a42e276&sg=161563f2
2026-08-29,cardempire-sk,chaos-rising,bundle,6,Pokémon TCG - Chaos Rising - Booster Bundle,https://www.cardempire.sk/en/pokemon-tcg-chaos-rising-booster-bundle/,40.0,EUR,40.0,6.67,1,https://cdn.myshoptet.com/usr/www.cardempire.sk/user/shop/big/17958_upozornenie--10.png?ff=1&x=1024&y=768&q=85&ts=69d94af6&sg=161563f2
2026-08-29,cardempire-sk,prismatic-evolutions,bundle,6,Pokémon TCG - Prismatic Evolution - Booster Bundle,https://www.cardempire.sk/en/pokemon-tcg-prismatic-evolution-booster-bundle/,110.0,EUR,110.0,18.33,1,https://cdn.myshoptet.com/usr/www.cardempire.sk/user/shop/big/4992_dizajn-bez-nazvu-2024-11-17t182433-084.png?ff=1&x=1024&y=768&q=85&ts=673a273a&sg=161563f2
2026-08-29,cardempire-sk,ascended-heroes,bundle,6,Pokémon TCG - Ascended Heroes - Booster Bundle,https://www.cardempire.sk/en/pokemon-tcg-ascended-heroes-booster-bundle/,110.0,EUR,110.0,18.33,1,https://cdn.myshoptet.com/usr/www.cardempire.sk/user/shop/big/17955_upozornenie--9.png?ff=1&x=1024&y=768&q=85&ts=69d94939&sg=161563f2
2026-08-29,cardempire-sk,pitch-black,etb,9,Pokémon TCG - Mega Evolution - Pitch Black - Elite Trainer Box,https://www.cardempire.sk/en/pokemon-tcg-mega-evolution-pitch-black-elite-trainer-box/,80.0,EUR,80.0,8.89,1,https://cdn.myshoptet.com/usr/www.cardempire.sk/user/shop/big/18420_pitch-black-etb.png?ff=1&x=1024&y=768&q=85&ts=69ff4619&sg=161563f2
2026-08-29,cardempire-sk,chaos-rising,etb,9,Pokémon TCG - Mega Evolution - Chaos Rising - Elite Trainer Box,https://www.cardempire.sk/en/pokemon-tcg-mega-evolution-chaos-rising-elite-trainer-box/,80.0,EUR,80.0,8.89,1,https://cdn.myshoptet.com/usr/www.cardempire.sk/user/shop/big/17436_6x--19.png?ff=1&x=1024&y=768&q=85&ts=69c198b5&sg=161563f2
2026-08-29,cardempire-sk,perfect-order,etb,9,Pokémon TCG - Perfect Order - Elite Trainer Box,https://www.cardempire.sk/en/pokemon-tcg-perfect-order-elite-trainer-box/,80.0,EUR,80.0,8.89,1,https://cdn.myshoptet.com/usr/www.cardempire.sk/user/shop/big/16706_untitled-design--61.png?ff=1&x=1024&y=768&q=85&ts=699a2a48&sg=161563f2
2026-08-29,cardempire-sk,30th-celebration,etb,10,Pokémon TCG - 30th Anniversary Celebrations - Elite Trainer Box,https://www.cardempire.sk/en/pokemon-tcg-30th-anniversary-celebrations-elite-trainer-box/,300.0,EUR,300.0,30.0,1,https://cdn.myshoptet.com/usr/www.cardempire.sk/user/shop/big/19992_20-cards--5.png?ff=1&x=1024&y=768&q=85&ts=6a453034&sg=161563f2
2026-08-29,cardempire-sk,ascended-heroes,etb,9,Pokemon TCG - Ascended Heroes - Elite Trainer Box,https://www.cardempire.sk/en/pokemon-tcg-ascended-heroes-elite-trainer-box/,200.0,EUR,200.0,22.22,1,https://cdn.myshoptet.com/usr/www.cardempire.sk/user/shop/big/14708_untitled-design-2025-11-22t190146-082.png?ff=1&x=1024&y=768&q=85&ts=696a7508&sg=161563f2
2026-08-29,cardempire-sk,prismatic-evolutions,etb,9,Pokémon TCG - Prismatic Evolutions - Elite Trainer Box,https://www.cardempire.sk/en/pokemon-tcg-prismatic-evolution/,230.0,EUR,230.0,25.56,1,https://cdn.myshoptet.com/usr/www.cardempire.sk/user/shop/big/4917_dizajn-bez-nazvu--44.png?ff=1&x=1024&y=768&q=85&ts=6730767e&sg=161563f2
2026-08-29,cardempire-sk,30th-celebration,booster,1,Pokémon TCG: 30th Celebration Booster Pack,https://www.cardempire.sk/en/pokemon-tcg--30th-celebration-booster-pack/,15.0,EUR,15.0,15.0,1,https://cdn.myshoptet.com/usr/www.cardempire.sk/user/shop/big/20883_20-cards--58.png?ff=1&x=1024&y=768&q=85&ts=6a79ca99&sg=161563f2
2026-08-29,cardempire-sk,prismatic-evolutions,booster,1,Pokémon TCG - Prismatic Evolutions - Booster Pack,https://www.cardempire.sk/en/pokemon-tcg-prismatic-evolution-booster-pack/,16.0,EUR,16.0,16.0,1,https://cdn.myshoptet.com/usr/www.cardempire.sk/user/shop/big/4920_dizajn-bez-nazvu--45.png?ff=1&x=1024&y=768&q=85&ts=673078b5&sg=161563f2
2026-08-29,cardempire-sk,ascended-heroes,booster,1,Pokémon TCG - Mega Evolution - Ascended Heroes Booster,https://www.cardempire.sk/en/mega-evolution-ascended-heroes-booster/,16.0,EUR,16.0,16.0,1,https://cdn.myshoptet.com/usr/www.cardempire.sk/user/shop/big/15695_asc.jpg?ff=1&x=1024&y=768&q=85&ts=6980812b&sg=161563f2
2026-08-29,cardempire-sk,chaos-rising,booster,1,Pokémon TCG - Mega Evolution - Chaos Rising - Booster Pack,https://www.cardempire.sk/en/pokemon-tcg-mega-evolution-chaos-rising-booster-pack/,6.0,EUR,6.0,6.0,1,https://cdn.myshoptet.com/usr/www.cardempire.sk/user/shop/big/18623_upper-deck-premier-2024-25-hockey-hobby-box--4.png?ff=1&x=1024&y=768&q=85&ts=6a03c3c8&sg=161563f2
2026-08-29,cardempire-sk,perfect-order,booster,1,Pokémon TCG - Perfect Order - Booster Pack,https://www.cardempire.sk/en/pokemon-tcg-perfect-order-booster-pack/,6.0,EUR,6.0,6.0,1,https://cdn.myshoptet.com/usr/www.cardempire.sk/user/shop/big/17640_perfect-order-booster.png?ff=1&x=1024&y=768&q=85&ts=69c7c118&sg=161563f2
2026-08-29,ccplanet-sk,prismatic-evolutions,booster,1,Pokémon - Prismatic Evolutions Booster,https://www.ccplanet.sk/pokemon-prismatic-evolutions-booster/,21.9,EUR,21.9,21.9,1,https://cdn.myshoptet.com/usr/www.ccplanet.sk/user/shop/big/18075_085331ff8ebdb4a23f350f5e9aabc689.png?ff=1&x=1024&y=768&q=85&ts=6a6c59ba&sg=161563f2
2026-08-29,ccplanet-sk,pitch-black,booster,1,Pokémon TCG Pitch Black Booster,https://www.ccplanet.sk/pokemon-tcg-pitch-black-booster/,6.49,EUR,6.49,6.49,1,https://cdn.myshoptet.com/usr/www.ccplanet.sk/user/shop/big/17970_014caeba-5f31-4ed1-b613-cb169eba1501.jpg?ff=1&x=1024&y=768&q=85&ts=6a5876da&sg=161563f2
2026-08-29,ccplanet-sk,ascended-heroes,bundle,6,Pokémon TCG: Ascended Heroes Booster Bundle,https://www.ccplanet.sk/pokemon-tcg--ascended-heroes-booster-bundle/,104.9,EUR,104.9,17.48,1,https://cdn.myshoptet.com/usr/www.ccplanet.sk/user/shop/big/16995_pokemon-tcg--ascended-heroes-booster-bundle.png?ff=1&x=1024&y=768&q=85&ts=6a317b2b&sg=161563f2
2026-08-29,ccplanet-sk,chaos-rising,booster,1,Pokémon TCG Chaos Rising Booster,https://www.ccplanet.sk/pokemon-tcg-chaos-rising-booster/,6.49,EUR,6.49,6.49,0,https://cdn.myshoptet.com/usr/www.ccplanet.sk/user/shop/big/16240_ffb7b576-dfa6-402c-a708-360625d1f533.jpg?ff=1&x=1024&y=768&q=85&ts=6a0c52b6&sg=161563f2
2026-08-29,ccplanet-sk,chaos-rising,bundle,6,Pokémon TCG: ME04 Chaos Rising - Booster Bundle,https://www.ccplanet.sk/pokemon-tcg--me04-chaos-rising-booster-bundle/,69.0,EUR,69.0,11.5,1,https://cdn.myshoptet.com/usr/www.ccplanet.sk/user/shop/big/16237_pokemon-tcg--me04-chaos-rising-booster-bundle.jpg?ff=1&x=1024&y=768&q=85&ts=6a0c5097&sg=161563f2
2026-08-29,ccplanet-sk,perfect-order,booster,1,Pokémon: Perfect Order Booster Pack,https://www.ccplanet.sk/pokemon--perfect-order-booster-pack/,6.75,EUR,6.75,6.75,1,https://cdn.myshoptet.com/usr/www.ccplanet.sk/user/shop/big/15067_pokemon-tcg-me03-perfect-order-booster-1200x800.jpg?ff=1&x=1024&y=768&q=85&ts=69c4f9dc&sg=161563f2
2026-08-29,ccplanet-sk,ascended-heroes,booster,1,Pokémon TCG: Mega Evolution - Ascended Heroes - Booster,https://www.ccplanet.sk/pokemon-tcg--mega-evolution-ascended-heroes-booster/,17.9,EUR,17.9,17.9,1,https://cdn.myshoptet.com/usr/www.ccplanet.sk/user/shop/big/14334_snimka-obrazovky-2026-03-03-090721.png?ff=1&x=1024&y=768&q=85&ts=69a69714&sg=161563f2
2026-08-29,ccplanet-sk,perfect-order,booster-box,36,Pokémon TCG Perfect Order Booster Box,https://www.ccplanet.sk/pokemon-tcg-perfect-order-booster-box/,229.0,EUR,229.0,6.36,1,https://cdn.myshoptet.com/usr/www.ccplanet.sk/user/shop/big/15070_37c72bcc-497d-4164-aa0d-86ae3c382bec.jpg?ff=1&x=1024&y=768&q=85&ts=69c4fb4b&sg=161563f2
2026-08-29,ccplanet-sk,prismatic-evolutions,bundle,6,Pokémon TCG Prismatic Evolutions Booster Bundle,https://www.ccplanet.sk/pokemon-tcg-prismatic-evolutions-booster-bundle/,129.0,EUR,129.0,21.5,1,https://cdn.myshoptet.com/usr/www.ccplanet.sk/user/shop/big/6949-1_pokemon-tcg-scarlet-and-violet-prismatic-evolutions-booster-bundle--2.png?ff=1&x=1024&y=768&q=85&ts=674d9927&sg=161563f2
2026-08-29,ccplanet-sk,30th-celebration,etb,10,Pokémon TCG - 30th Anniversary Celebrations - Elite Trainer Box,https://www.ccplanet.sk/pokemon-tcg-30th-anniversary-celebrations-elite-trainer-box/,249.0,EUR,249.0,24.9,0,https://cdn.myshoptet.com/usr/www.ccplanet.sk/user/shop/big/18258_30th-celebration-elite-trainer-box.jpg?ff=1&x=1024&y=768&q=85&ts=6a84281e&sg=161563f2
2026-08-29,ccplanet-sk,pitch-black,etb,9,Pokémon TCG: Pitch Black Elite Trainer Box,https://www.ccplanet.sk/pokemon-tcg--pitch-black-elite-trainer-box/,89.5,EUR,89.5,9.94,1,https://cdn.myshoptet.com/usr/www.ccplanet.sk/user/shop/big/17973_6c252919-70a3-4532-8939-b5896cbe1aa0.jpg?ff=1&x=1024&y=768&q=85&ts=6a587ca3&sg=161563f2
2026-08-29,ccplanet-sk,chaos-rising,etb,9,Pokémon TCG - Mega Evolution - Chaos Rising - Elite Trainer Box,https://www.ccplanet.sk/pokemon-tcg-mega-evolution-chaos-rising-elite-trainer-box/,100.5,EUR,100.5,11.17,1,https://cdn.myshoptet.com/usr/www.ccplanet.sk/user/shop/big/16234_pokemon-tcg-mega-evolution-chaos-rising-elite-trainer-box.jpg?ff=1&x=1024&y=768&q=85&ts=6a0c4f54&sg=161563f2
2026-08-29,ccplanet-sk,perfect-order,etb,9,Pokémon TCG: Perfect Order Elite Trainer Box,https://www.ccplanet.sk/pokemon-tcg--perfect-order-elite-trainer-box/,88.0,EUR,88.0,9.78,1,https://cdn.myshoptet.com/usr/www.ccplanet.sk/user/shop/big/15064_d604ce79-f61c-46fc-b3fa-92bb0084c5f0.jpg?ff=1&x=1024&y=768&q=85&ts=69c4f916&sg=161563f2
2026-08-29,ccplanet-sk,ascended-heroes,etb,9,Pokémon TCG: Ascended Heroes Elite Trainer box Dragonite,https://www.ccplanet.sk/pokemon-tcg--ascended-heroes-elite-trainer-box-dragonite/,204.9,EUR,204.9,22.77,1,https://cdn.myshoptet.com/usr/www.ccplanet.sk/user/shop/big/13750-2_snimka-obrazovky-2026-02-13-084916.png?ff=1&x=1024&y=768&q=85&ts=698ed80a&sg=161563f2
2026-08-29,ccplanet-sk,prismatic-evolutions,etb,9,Pokémon Prismatic Evolutions Elite Trainer Box,https://www.ccplanet.sk/pokemon-prismatic-evolutions-elite-trainer-box/,185.0,EUR,185.0,20.56,0,https://cdn.myshoptet.com/usr/www.ccplanet.sk/user/shop/big/6523-1_snimka-obrazovky-13-11-2024-113117-www-cardempire-sk.jpg?ff=1&x=1024&y=768&q=85&ts=673480c0&sg=161563f2
2026-08-29,64ka-sk,ascended-heroes,bundle,6,Pokémon TCG: ME02.5 Ascended Heroes - Booster Bundle,https://www.64ka.sk/products/pokemon-tcg-me02-5-ascended-heroes-booster-bundle,89.99,EUR,89.99,15.0,1,https://cdn.shopify.com/s/files/1/0984/2776/5078/files/shopping.webp?v=1783966376
2026-08-29,64ka-sk,prismatic-evolutions,bundle,6,Pokémon TCG Prismatic Evolutions Booster Bundle,https://www.64ka.sk/products/pokemon-tcg-prismatic-evolutions-booster-bundle,107.99,EUR,107.99,18.0,0,https://cdn.shopify.com/s/files/1/0984/2776/5078/files/29eb0751-2091-4dab-abc4-72d2ba5e80ac.avif?v=1784018871
2026-08-29,64ka-sk,pitch-black,bundle,6,Pokémon: Pitch Black Booster Bundle,https://www.64ka.sk/products/pokemon-pitch-black-booster-bundle,42.99,EUR,42.99,7.17,0,https://cdn.shopify.com/s/files/1/0984/2776/5078/files/a1145cd0375aa0db08a422d9026ca547.webp?v=1783660724
2026-08-29,64ka-sk,ascended-heroes,etb,9,Pokémon TCG Ascended Heroes Elite Trainer box Dragonite,https://www.64ka.sk/products/pokemon-tcg-mega-evolution-ascended-heroes-elite-trainer-box,179.99,EUR,179.99,20.0,1,https://cdn.shopify.com/s/files/1/0984/2776/5078/files/14708_untitled-design-2025-11-22t190146-082.webp?v=1783872032
2026-08-29,64ka-sk,pitch-black,booster,1,Pokémon TCG : Pitch Black booster balíček,https://www.64ka.sk/products/pokemon-tcg-pitch-black-booster-balicek,8.49,EUR,8.49,8.49,0,https://cdn.shopify.com/s/files/1/0984/2776/5078/files/CBE4C1CE-2F90-4C2E-AE6D-6D40B5945D74.webp?v=1783631073
2026-08-29,64ka-sk,chaos-rising,booster-box,36,Pokémon TCG: Mega Evolution Chaos Rising Booster Box,https://www.64ka.sk/products/pokemon-tcg-mega-evolution-chaos-rising-booster-box,249.99,EUR,249.99,6.94,0,https://cdn.shopify.com/s/files/1/0984/2776/5078/files/chaos.webp?v=1783068476
2026-08-29,64ka-sk,pitch-black,etb,9,Pokémon: Pitch Black Elite Trainer box Mega Darkrai ex,https://www.64ka.sk/products/pokemon-pitch-black-elite-trainer-box-mega-darkrai-ex,74.99,EUR,74.99,8.33,0,https://cdn.shopify.com/s/files/1/0984/2776/5078/files/6f76eae503bfd827267775e3187fe1d5.webp?v=1783660837
2026-08-29,64ka-sk,perfect-order,etb,9,Pokémon: Perfect Order Elite Trainer Box,https://www.64ka.sk/products/pokemon-perfect-order-elite-trainer-box,79.99,EUR,79.99,8.89,0,https://cdn.shopify.com/s/files/1/0984/2776/5078/files/perfectorder_1b98308e-373d-4448-b44a-c2b747e6e30f.webp?v=1783076769
2026-08-29,64ka-sk,perfect-order,booster-box,36,Pokémon: Perfect Order Booster Box,https://www.64ka.sk/products/pokemon-perfect-order-booster-box,219.99,EUR,219.99,6.11,0,https://cdn.shopify.com/s/files/1/0984/2776/5078/files/perfectorder.webp?v=1783073008
2026-08-29,64ka-sk,chaos-rising,etb,9,Pokémon: Chaos Rising Elite Trainer box,https://www.64ka.sk/products/pokemon-chaos-rising-elite-trainer-box,89.99,EUR,89.99,10.0,0,https://cdn.shopify.com/s/files/1/0984/2776/5078/files/chaosrisi.webp?v=1783076303
2026-08-29,64ka-sk,prismatic-evolutions,etb,9,Pokémon TCG Prismatic Evolutions Elite Trainer Box,https://www.64ka.sk/products/pokemon-tcg-prismatic-evolutions-elite-trainer-box,194.99,EUR,194.99,21.67,0,https://cdn.shopify.com/s/files/1/0984/2776/5078/files/196214105133-1-1.webp?v=1786624242
2026-08-29,pokectcg-cz,ascended-heroes,etb,9,Pokémon TCG: Ascended Heroes Elite Trainer Box,https://pokectcg.cz/shop/pokemon-tcg-ascended-heroes-elite-trainer-box/,2200.0,CZK,91.1,10.12,0,https://pokectcg.cz/wp-content/uploads/2026/02/ascended-heroes-elite-trainer-box-box.png
2026-08-29,pokectcg-cz,chaos-rising,etb,9,Pokémon TCG: Chaos Rising Elite Trainer Box,https://pokectcg.cz/shop/pokemon-tcg-chaos-rising-elite-trainer-box/,1799.0,CZK,74.5,8.28,1,https://pokectcg.cz/wp-content/uploads/2026/08/obrazek_2026-08-19_182010974.png
2026-08-29,pokectcg-cz,prismatic-evolutions,bundle,6,Pokémon TCG: Prismatic Evolutions Booster Bundle,https://pokectcg.cz/shop/pokemon-tcg-prismatic-evolutions-booster-bundle/,1550.0,CZK,64.19,10.7,0,https://pokectcg.cz/wp-content/uploads/2025/12/prismatic-evolutions-booster-bundle.png
2026-08-29,pokectcg-cz,prismatic-evolutions,booster,1,Pokémon TCG: Prismatic Evolutions Booster Pack,https://pokectcg.cz/shop/pokemon-tcg-prismatic-evolutions-booster-pack/,239.0,CZK,9.9,9.9,0,https://pokectcg.cz/wp-content/uploads/2026/01/prismatic-evolutions-booster-pack-anglicky.png
2026-08-29,pokectcg-cz,prismatic-evolutions,etb,9,Pokémon TCG: Prismatic Evolutions Elite Trainer Box,https://pokectcg.cz/shop/pokemon-tcg-prismatic-evolutions-elite-trainer-box/,4699.0,CZK,194.59,21.62,1,https://pokectcg.cz/wp-content/uploads/2026/08/obrazek_2026-08-18_154358114.png
2026-08-29,pokelio-cz,ascended-heroes,booster,1,Pokémon TCG: Ascended Heroes – Booster Pack (EN),https://pokelio.cz/product/pokemon-tcg-ascended-heroes-booster-pack-en/,369.0,CZK,15.28,15.28,0,https://pokelio.cz/wp-content/uploads/2026/02/Ascended-Heroes-booster-pack-450x450.jpg
2026-08-29,pokelio-cz,perfect-order,booster,1,Pokémon TCG: Perfect Order – Booster Pack (EN),https://pokelio.cz/product/pokemon-tcg-perfect-order-booster-pack-en/,149.0,CZK,6.17,6.17,0,https://pokelio.cz/wp-content/uploads/2026/04/Perfect-Order-Booster-pack-450x450.jpg
2026-08-29,pokelio-cz,prismatic-evolutions,booster,1,Pokémon TCG: Prismatic Evolutions – Booster Pack (EN),https://pokelio.cz/product/pokemon-tcg-prismatic-evolutions-booster-pack-en/,499.0,CZK,20.66,20.66,1,https://pokelio.cz/wp-content/uploads/2026/02/Prismatic-evolutions-booster-pack1-450x450.jpg
2026-08-29,pokelio-cz,prismatic-evolutions,bundle,6,Pokémon TCG: Prismatic Evolutions – Booster Bundle (EN),https://pokelio.cz/product/pokemon-tcg-scarlet-violet-prismatic-evolutions-booster-bundle/,3999.0,CZK,165.6,27.6,0,https://pokelio.cz/wp-content/uploads/2026/02/Prismatic-evolutions-booster-bundle-450x450.jpg
2026-08-29,pokelio-cz,perfect-order,booster-box,36,Pokémon TCG: Perfect Order – Booster Box (EN),https://pokelio.cz/product/pokemon-tcg-perfect-order-booster-box-en/,4999.0,CZK,207.01,5.75,0,https://pokelio.cz/wp-content/uploads/2026/04/Perfect-Order-Booster-Box-450x450.jpg
2026-08-29,pokelio-cz,ascended-heroes,etb,9,Pokémon TCG: Ascended Heroes – Elite Trainer Box (EN),https://pokelio.cz/product/pokemon-tcg-ascended-heroes-elite-trainer-box-en/,5999.0,CZK,248.42,27.6,1,https://pokelio.cz/wp-content/uploads/2026/02/Ascended-Heroes-ETB-450x450.png
2026-08-29,pokelio-cz,perfect-order,etb,9,Pokémon TCG: Perfect Order – Elite Trainer Box (EN),https://pokelio.cz/product/pokemon-tcg-perfect-order-elite-trainer-box-en/,2490.0,CZK,103.11,11.46,0,https://pokelio.cz/wp-content/uploads/2026/04/Perfect-Order-ETB-450x450.jpg
2026-08-29,pokelio-cz,prismatic-evolutions,etb,9,Pokémon TCG: Prismatic Evolutions – Elite Trainer Box (EN),https://pokelio.cz/product/pokemon-tcg-prismatic-evolutions-elite-trainer-box-en/,9999.0,CZK,414.06,46.01,0,https://pokelio.cz/wp-content/uploads/2026/02/Prismatic-evolutions-ETB-450x450.png
2026-08-29,pokelio-cz,ascended-heroes,bundle,6,Pokémon TCG: Ascended Heroes – Booster Bundle (EN),https://pokelio.cz/product/pokemon-tcg-ascended-heroes-booster-bundle-en/,2599.0,CZK,107.62,17.94,1,https://pokelio.cz/wp-content/uploads/2026/04/Ascended-Heroes-booster-bundle-450x450.jpg
2026-08-29,pokelio-cz,perfect-order,bundle,6,Pokémon TCG: Perfect Order – Booster Bundle (EN),https://pokelio.cz/product/pokemon-tcg-perfect-order-booster-bundle-en/,1490.0,CZK,61.7,10.28,0,https://pokelio.cz/wp-content/uploads/2026/04/Perfect-Order-Bundle-450x450.jpg
2026-08-29,geekhall-cz,pitch-black,etb,9,Pokémon TCG: Mega Evolution Pitch Black - Elite Trainer Box,https://geekhall.cz/produkt/pokemon-tcg-mega-evolution-pitch-black-elite-trainer-box/,1999.0,CZK,82.78,9.2,1,https://geekhall.cz/wp-content/uploads/2026/07/Pitch-Black-ETB-1.png
2026-08-29,geekhall-cz,pitch-black,bundle,6,Pokémon TCG: Mega Evolution Pitch Black - Booster Bundle,https://geekhall.cz/produkt/pokemon-tcg-mega-evolution-pitch-black-booster-bundle/,1099.0,CZK,45.51,7.58,1,https://geekhall.cz/wp-content/uploads/2026/07/Pitch-Black-Booster-bundle.png
2026-08-29,geekhall-cz,pitch-black,booster,1,Pokémon TCG: Mega Evolution Pitch Black - Booster,https://geekhall.cz/produkt/pokemon-tcg-mega-evolution-pitch-black-booster/,159.0,CZK,6.58,6.58,1,https://geekhall.cz/wp-content/uploads/2026/06/Pitch-black-booster.png
2026-08-29,geekhall-cz,pitch-black,booster-box,36,Pokémon TCG: Mega Evolution Pitch Black - Booster Box,https://geekhall.cz/produkt/pokemon-tcg-mega-evolution-pitch-black-booster-box/,5099.0,CZK,211.15,5.87,1,https://geekhall.cz/wp-content/uploads/2026/06/Pitch-Black-Booster-Box.png
2026-08-29,geekhall-cz,chaos-rising,bundle,6,Pokémon TCG: Mega Evolution Chaos Rising - Booster Bundle,https://geekhall.cz/produkt/pokemon-tcg-mega-evolution-chaos-rising-booster-bundle/,999.0,CZK,41.37,6.89,1,https://geekhall.cz/wp-content/uploads/2026/05/Chaos-rising-booster-bundle.png
2026-08-29,geekhall-cz,chaos-rising,booster-box,36,Pokémon TCG: Mega Evolution Chaos Rising - Booster Box,https://geekhall.cz/produkt/pokemon-tcg-mega-evolution-chaos-rising-booster-box/,5099.0,CZK,211.15,5.87,1,https://geekhall.cz/wp-content/uploads/2026/05/Chaos-rising-1.png
2026-08-29,geekhall-cz,chaos-rising,etb,9,Pokémon TCG: Mega Evolution Chaos Rising - Elite Trainer Box,https://geekhall.cz/produkt/pokemon-tcg-mega-evolution-chaos-rising-elite-trainer-box/,1999.0,CZK,82.78,9.2,1,https://geekhall.cz/wp-content/uploads/2026/05/Chaos-rising-etb.png
2026-08-29,geekhall-cz,chaos-rising,booster,1,Pokémon TCG: Mega Evolution Chaos Rising - Booster,https://geekhall.cz/produkt/pokemon-tcg-mega-evolution-chaos-rising-booster/,159.0,CZK,6.58,6.58,1,https://geekhall.cz/wp-content/uploads/2026/05/Chaos-booster.png
2026-08-29,geekhall-cz,ascended-heroes,bundle,6,Pokémon TCG: Mega Evolution Ascended Heroes - Booster Bundle,https://geekhall.cz/produkt/pokemon-tcg-mega-evolution-ascended-heroes-booster-bundle/,2299.0,CZK,95.2,15.87,1,https://geekhall.cz/wp-content/uploads/2026/04/Booster-bundle-1.png
2026-08-29,geekhall-cz,perfect-order,bundle,6,Pokémon TCG: Mega Evolution Perfect Order - Booster Bundle,https://geekhall.cz/produkt/pokemon-tcg-mega-evolution-perfect-order-booster-bundle/,1199.0,CZK,49.65,8.28,1,https://geekhall.cz/wp-content/uploads/2026/04/Booster-bundle.png
2026-08-29,geekhall-cz,perfect-order,etb,9,Pokémon TCG: Mega Evolution Perfect Order - Elite Trainer Box,https://geekhall.cz/produkt/pokemon-tcg-mega-evolution-perfect-order-elite-trainer-box/,1799.0,CZK,74.5,8.28,1,https://geekhall.cz/wp-content/uploads/2026/03/Perfect-Order-ETB.png
2026-08-29,geekhall-cz,perfect-order,booster-box,36,Pokémon TCG: Mega Evolutions Perfect Order - Booster Box,https://geekhall.cz/produkt/pokemon-tcg-mega-evolutions-perfect-order-booster-box/,4599.0,CZK,190.44,5.29,1,https://geekhall.cz/wp-content/uploads/2026/03/Perfect-order-bb.png
2026-08-29,geekhall-cz,perfect-order,booster,1,Pokémon TCG: Mega Evolutions Perfect Order - Booster,https://geekhall.cz/produkt/pokemon-tcg-mega-evolutions-perfect-order-booster/,169.0,CZK,7.0,7.0,1,https://geekhall.cz/wp-content/uploads/2026/03/Perfect-order-booster.png
2026-08-29,geekhall-cz,ascended-heroes,etb,9,Pokémon TCG: Ascended Heroes - Elite Trainer Box,https://geekhall.cz/produkt/pokemon-tcg-ascended-heroes-elite-trainer-box/,3899.0,CZK,161.46,17.94,1,https://geekhall.cz/wp-content/uploads/2026/02/Ascended-heroes-ETB.png
2026-08-29,geekhall-cz,prismatic-evolutions,bundle,6,Pokémon TCG: Scarlet & Violet Prismatic Evolutions - Booster Bundle,https://geekhall.cz/produkt/pokemon-tcg-scarlet-violet-prismatic-evolutions-booster-bundle-display/,1989.0,CZK,82.36,13.73,0,https://geekhall.cz/wp-content/uploads/2025/09/Prismatic.png
2026-08-29,geekhall-cz,prismatic-evolutions,etb,9,Pokémon TCG: Scarlet & Violet Prismatic Evolutions - Elite Trainer Box,https://geekhall.cz/produkt/pokemon-tcg-scarlet-violet-prismatic-evolutions-elite-trainer-box/,5199.0,CZK,215.29,23.92,0,https://geekhall.cz/wp-content/uploads/2025/09/prismatic-evolutions-elite-trainer-box.avif
2026-08-29,xzone-cz,pitch-black,booster,1,Karetní hra Pokémon TCG: Mega Evolution - Pitch Black Booster (10 karet),https://www.xzone.cz/karetni-hra-pokemon-tcg-mega-evolution-ascended-heroes-booster-10-karet-2026,129.0,CZK,5.34,5.34,1,https://cdn.xzone.cz/p/boostery/karetni-hra-pokemon-tcg-mega-evolution-pitch-black-booster/karetni-hra-pokemon-tcg-mega-evolution-pitch-black-booster-10-karet-150w.png
2026-08-29,xzone-cz,perfect-order,booster,1,Karetní hra Pokémon TCG: Mega Evolution - Perfect Order Booster (10 karet),https://www.xzone.cz/karetni-hra-pokemon-tcg-mega-evolution-perfect-order-booster-10-karet,119.0,CZK,4.93,4.93,0,https://cdn.xzone.cz/p/boostery/karetni-hra-pokemon-tcg-mega-evolution-perfect-order-booster/karetni-hra-pokemon-tcg-mega-evolution-perfect-order-booster-10-karet-150w.png
2026-08-29,xzone-cz,perfect-order,booster-box,36,Karetní hra Pokémon TCG: Mega Evolution - Perfect Order Booster Box (36 boosterů),https://www.xzone.cz/karetni-hra-pokemon-tcg-mega-evolution-perfect-order-booster-box-36-boosteru,4790.0,CZK,198.35,5.51,1,https://cdn.xzone.cz/p/boostery/karetni-hra-pokemon-tcg-mega-evolution-perfect-order-booster-box/karetni-hra-pokemon-tcg-mega-evolution-perfect-order-booster-box-36-boosteru-150w.png
2026-08-29,xzone-cz,chaos-rising,booster,1,Karetní hra Pokémon TCG: Mega Evolution - Chaos Rising - Booster (10 karet),https://www.xzone.cz/karetni-hra-pokemon-tcg-mega-evolution-chaos-rising-booster-10-karet,139.0,CZK,5.76,5.76,1,https://cdn.xzone.cz/p/boostery/karetni-hra-pokemon-tcg-chaos-rising-booster/karetni-hra-pokemon-tcg-chaos-rising-booster-10-karet-150w.png
2026-08-29,xzone-sk,pitch-black,booster,1,Kartová hra Pokémon TCG: Mega Evolution - Pitch Black Booster (10 kariet),https://www.xzone.sk/karetni-hra-pokemon-tcg-mega-evolution-ascended-heroes-booster-10-karet-2026,5.32,EUR,5.32,5.32,1,https://cdn.xzone.sk/p/boostery/karetni-hra-pokemon-tcg-mega-evolution-pitch-black-booster/karetni-hra-pokemon-tcg-mega-evolution-pitch-black-booster-10-karet-150w.png
2026-08-29,xzone-sk,perfect-order,booster,1,Kartová hra Pokémon TCG: Mega Evolution – Perfect Order Booster (10 kariet),https://www.xzone.sk/karetni-hra-pokemon-tcg-mega-evolution-perfect-order-booster-10-karet,6.19,EUR,6.19,6.19,0,https://cdn.xzone.sk/p/boostery/karetni-hra-pokemon-tcg-mega-evolution-perfect-order-booster/karetni-hra-pokemon-tcg-mega-evolution-perfect-order-booster-10-karet-150w.png
2026-08-29,xzone-sk,perfect-order,booster-box,36,Kartová hra Pokémon TCG: Mega Evolution - Perfect Order Booster Box (36 boosterov),https://www.xzone.sk/karetni-hra-pokemon-tcg-mega-evolution-perfect-order-booster-box-36-boosteru,204.99,EUR,204.99,5.69,0,https://cdn.xzone.sk/p/boostery/karetni-hra-pokemon-tcg-mega-evolution-perfect-order-booster-box/karetni-hra-pokemon-tcg-mega-evolution-perfect-order-booster-box-36-boosteru-150w.png
2026-08-29,xzone-sk,chaos-rising,booster,1,Kartová hra Pokémon TCG: Mega Evolution - Chaos Rising - Booster (10 kariet),https://www.xzone.sk/karetni-hra-pokemon-tcg-mega-evolution-chaos-rising-booster-10-karet,5.79,EUR,5.79,5.79,1,https://cdn.xzone.sk/p/boostery/karetni-hra-pokemon-tcg-chaos-rising-booster/karetni-hra-pokemon-tcg-chaos-rising-booster-10-karet-150w.png
2026-08-29,dazzle-sk,pitch-black,booster,1,Pokémon | Pitch Black - Booster,https://www.dazzle.sk/pokemon-pitch-black-booster/pokemon/pokemon-boostre/anglicke-boostre,6.5,EUR,6.5,6.5,1,https://www.dazzle.sk/image/cache/catalog/Pokémon/Pokémon%20Produkty/Mega%20Evolutions/ME05%20Pitch%20Black/pitch-black-booster-228x228.png
2026-08-29,dazzle-sk,chaos-rising,booster,1,Pokémon | Chaos Rising - Booster,https://www.dazzle.sk/pokemon-chaos-rising-booster/pokemon/pokemon-boostre/anglicke-boostre,6.0,EUR,6.0,6.0,1,https://www.dazzle.sk/image/cache/catalog/Pokémon/Pokémon%20Produkty/Mega%20Evolutions/ME04%20Chaos%20Rising/IMG_1747-228x228.png
2026-08-29,dazzle-sk,perfect-order,booster,1,Pokémon | Perfect Order - Booster,https://www.dazzle.sk/pokemon-perfect-order-booster/pokemon/pokemon-boostre/anglicke-boostre,6.0,EUR,6.0,6.0,1,https://www.dazzle.sk/image/cache/catalog/Pokémon/Pokémon%20Produkty/Mega%20Evolutions/ME03%20Perfect%20Order/IMG_0650-228x228.jpeg
2026-08-29,dazzle-sk,ascended-heroes,booster,1,Pokémon | Ascended Heroes - Booster,https://www.dazzle.sk/pokemon-ascended-heroes-booster/pokemon/pokemon-boostre/anglicke-boostre,15.0,EUR,15.0,15.0,1,https://www.dazzle.sk/image/cache/catalog/Pokémon/Pokémon%20Produkty/Mega%20Evolutions/ME03%20Ascended%20Heroes/ascended-heroes-booster-pack-228x228.jpg
2026-08-29,dazzle-sk,prismatic-evolutions,booster,1,Pokémon | Prismatic Evolutions - Booster,https://www.dazzle.sk/pokemon-prismatic-evolutions-booster/anglicke-boostre,17.9,EUR,17.9,17.9,0,https://www.dazzle.sk/image/cache/catalog/Pokémon/Pokémon%20Produkty/Scarlet%20and%20Violet/SV08.5%20Prismatic%20Evolutions/Pokemon_TCG_Scarlet_Violet—Prismatic_Evolutions_Booster_Wrap_Eevee_and_Sylveon-228x228.png
2026-08-29,dazzle-sk,30th-celebration,bundle,6,Pokémon | 30th Celebration - Booster Bundle,https://www.dazzle.sk/index.php?route=product/product&product_id=3841&path=71_213,99.9,EUR,99.9,16.65,0,https://www.dazzle.sk/image/cache/catalog/Pokémon/Pokémon%20Produkty/Mega%20Evolutions/30th%20celebrations/30th-celebration-booster-bundle-228x228.jpg
2026-08-29,dazzle-sk,pitch-black,bundle,6,Pokémon | Pitch Black - Booster Bundle,https://www.dazzle.sk/index.php?route=product/product&product_id=3778&path=71_213,44.9,EUR,44.9,7.48,1,https://www.dazzle.sk/image/cache/catalog/Pokémon/Pokémon%20Produkty/Mega%20Evolutions/ME05%20Pitch%20Black/pitch-black-booster-bundle-228x228.jpg
2026-08-29,dazzle-sk,chaos-rising,bundle,6,Pokémon | Chaos Rising - Booster Bundle,https://www.dazzle.sk/index.php?route=product/product&product_id=3718&path=71_213,49.9,EUR,49.9,8.32,1,https://www.dazzle.sk/image/cache/catalog/Pokémon/Pokémon%20Produkty/Mega%20Evolutions/ME04%20Chaos%20Rising/IMG_1752-228x228.jpeg
2026-08-29,dazzle-sk,chaos-rising,booster-box,36,Pokémon | Chaos Rising - Booster Box,https://www.dazzle.sk/index.php?route=product/product&product_id=3716&path=71_213,199.9,EUR,199.9,5.55,1,https://www.dazzle.sk/image/cache/catalog/Pokémon/Pokémon%20Produkty/Mega%20Evolutions/ME04%20Chaos%20Rising/IMG_1746-228x228.jpeg
2026-08-29,dazzle-sk,ascended-heroes,bundle,6,Pokémon | Ascended Heroes - Booster Bundle,https://www.dazzle.sk/index.php?route=product/product&product_id=3702&path=71_213,89.9,EUR,89.9,14.98,1,https://www.dazzle.sk/image/cache/catalog/pokemony/ascended-heroes-booster-bundle-228x228.jpg
2026-08-29,dazzle-sk,perfect-order,booster-box,36,Pokémon | Perfect Order - Booster Box,https://www.dazzle.sk/index.php?route=product/product&product_id=3575&path=71_213,230.0,EUR,230.0,6.39,1,https://www.dazzle.sk/image/cache/catalog/Pokémon/Pokémon%20Produkty/Mega%20Evolutions/ME03%20Perfect%20Order/IMG_0649-228x228.webp
2026-08-29,dazzle-sk,pitch-black,booster-box,36,Pokémon | Pitch Black - Booster Box,https://www.dazzle.sk/index.php?route=product/product&product_id=3777&path=71_213,209.9,EUR,209.9,5.83,0,https://www.dazzle.sk/image/cache/catalog/Pokémon/Pokémon%20Produkty/Mega%20Evolutions/ME05%20Pitch%20Black/pitch-black-booster-box-228x228.jpg
2026-08-29,dazzle-sk,perfect-order,bundle,6,Pokémon | Perfect Order - Booster Bundle,https://www.dazzle.sk/index.php?route=product/product&product_id=3631&path=71_213,49.08,EUR,49.08,8.18,0,https://www.dazzle.sk/image/cache/catalog/pokemony/perfect-order-booster-bundle-228x228.jpg
2026-08-29,dazzle-sk,prismatic-evolutions,bundle,6,Pokémon | Prismatic Evolutions - Booster Bundle,https://www.dazzle.sk/index.php?route=product/product&product_id=2864&path=213,85.0,EUR,85.0,14.17,0,https://www.dazzle.sk/image/cache/catalog/pokemony/prismatic-evolutions-booster-bundle-228x228.webp
2026-08-29,dazzle-sk,30th-celebration,etb,10,Pokémon | 30th Celebration - Elite Trainer Box,https://www.dazzle.sk/pokemon-30th-celebration-elite-trainer-box/pokemon/pokemon-boxy/pokemon-elite-trainer-box,209.9,EUR,209.9,20.99,0,https://www.dazzle.sk/image/cache/catalog/Pokémon/Pokémon%20Produkty/MIX%20kolekcie%20a%20boxy/2026/30th-celebration-elite-trainer-box1-228x228.png
2026-08-29,dazzle-sk,pitch-black,etb,9,Pokémon | Pitch Black - Elite Trainer Box,https://www.dazzle.sk/pokemon-pitch-black-elite-trainer-box/pokemon/pokemon-boxy/pokemon-elite-trainer-box,74.9,EUR,74.9,8.32,1,https://www.dazzle.sk/image/cache/catalog/Pokémon/Pokémon%20Produkty/Mega%20Evolutions/ME05%20Pitch%20Black/pitch-black-elite-trainer-box-228x228.jpg
2026-08-29,dazzle-sk,chaos-rising,etb,9,Pokémon | Chaos Rising - Elite Trainer Box,https://www.dazzle.sk/pokemon-chaos-rising-elite-trainer-box/pokemon/pokemon-boxy/pokemon-elite-trainer-box,74.9,EUR,74.9,8.32,1,https://www.dazzle.sk/image/cache/catalog/Pokémon/Pokémon%20Produkty/Mega%20Evolutions/ME04%20Chaos%20Rising/IMG_1751-228x228.png
2026-08-29,dazzle-sk,perfect-order,etb,9,Pokémon | Perfect Order - Elite Trainer Box,https://www.dazzle.sk/pokemon-perfect-order-elite-trainer-box/pokemon/pokemon-boxy/pokemon-elite-trainer-box,69.9,EUR,69.9,7.77,1,https://www.dazzle.sk/image/cache/catalog/Pokémon/Pokémon%20Produkty/Mega%20Evolutions/ME03%20Perfect%20Order/IMG_0648-228x228.jpeg
2026-08-29,dazzle-sk,ascended-heroes,etb,9,Pokémon | Ascended Heroes - Elite Trainer Box,https://www.dazzle.sk/pokemon-ascended-heroes-elite-trainer-box/pokemon/pokemon-boxy/pokemon-elite-trainer-box,174.9,EUR,174.9,19.43,1,https://www.dazzle.sk/image/cache/catalog/Pokémon/Pokémon%20Produkty/Mega%20Evolutions/ME03%20Ascended%20Heroes/IMG_9304-228x228.png
2026-08-29,dazzle-sk,prismatic-evolutions,etb,9,Pokémon | Prismatic Evolutions - Elite Trainer Box,https://www.dazzle.sk/pokemon-prismatic-evolutions-elite-trainer-box/pokemon-elite-trainer-box,200.0,EUR,200.0,22.22,0,https://www.dazzle.sk/image/cache/catalog/Pokémon/Pokémon%20Produkty/Scarlet%20and%20Violet/SV08.5%20Prismatic%20Evolutions/PCI10013.01-228x228.png
2026-08-29,kuzelnehry-sk,chaos-rising,booster,1,Pokémon TCG: Mega Evolution Chaos Rising - Booster,https://www.kuzelnehry.sk/pokemon-tcg--mega-evolution-chaos-rising-booster/,8.24,EUR,8.24,8.24,1,https://cdn.myshoptet.com/usr/www.kuzelnehry.sk/user/shop/big/276538_pi656-pci10407-101-3-pci10407-101-1-1-249843.jpg?ff=1&x=1024&y=768&q=85&ts=6a151de5&sg=161563f2
2026-08-29,kuzelnehry-sk,ascended-heroes,bundle,6,Pokémon TCG: Mega Evolution - Ascended Heroes Booster Bundle,https://www.kuzelnehry.sk/pokemon-tcg--mega-evolution-ascended-heroes-booster-bundle/,144.51,EUR,144.51,24.08,1,https://cdn.myshoptet.com/usr/www.kuzelnehry.sk/user/shop/big/269255_087435a7f4f26cf1c59c8bd8f0591395-p11437-me02pt5-3d-booster-bundle-left-en-1200x1764-68892d3.png?ff=1&x=1024&y=768&q=85&ts=69f18552&sg=161563f2
2026-08-29,kuzelnehry-sk,perfect-order,etb,9,Pokémon TCG: Mega Evolution - Perfect Order - Elite Trainer Box,https://www.kuzelnehry.sk/pokemon-tcg--mega-evolution-perfect-order-elite-trainer-box/,123.81,EUR,123.81,13.76,1,https://cdn.myshoptet.com/usr/www.kuzelnehry.sk/user/shop/big/253436_d5ec98fa-59b9-5dbd-a829-40bfc0e94ef0.jpg?ff=1&x=1024&y=768&q=85&ts=69cb4a3c&sg=161563f2
2026-08-29,kuzelnehry-sk,ascended-heroes,etb,9,Pokémon TCG: Mega Evolution 2.5 Ascended Heroes - Elite Trainer Box,https://www.kuzelnehry.sk/pokemon-tcg--mega-evolution-2-5-ascended-heroes-elite-trainer-box/,289.44,EUR,289.44,32.16,1,https://cdn.myshoptet.com/usr/www.kuzelnehry.sk/user/shop/big/250271_snimek-obrazovky-2026-02-20-133642.jpg?ff=1&x=1024&y=768&q=85&ts=69993e62&sg=161563f2
2026-08-29,kuzelnehry-sk,prismatic-evolutions,etb,9,Pokémon TCG: Scarlet & Violet 8.5 - Prismatic Evolutions - Elite Trainer Box (EN),https://www.kuzelnehry.sk/pokemon-tcg--scarlet-violet-8-5-prismatic-evolutions-elite-trainer-box-en/,227.33,EUR,227.33,25.26,1,https://cdn.myshoptet.com/usr/www.kuzelnehry.sk/user/shop/big/175775_image--11.png?ff=1&x=1024&y=768&q=85&ts=6789e5b2&sg=161563f2
2026-08-30,cardstore-cz,pitch-black,booster-box,36,Pokémon TCG: Pitch Black - Booster Box,https://www.cardstore.cz/pokemon-tcg--pitch-black-booster-box/,4699.0,CZK,194.59,5.41,0,https://cdn.myshoptet.com/usr/www.cardstore.cz/user/shop/big/2027-5_pokemon-pitch-black-booster-box.png?ff=1&x=1024&y=768&q=85&ts=6a74f448&sg=161563f2
2026-08-30,cardstore-cz,chaos-rising,booster-box,36,Pokémon TCG: Chaos Rising - Booster Box,https://www.cardstore.cz/pokemon-tcg--chaos-rising-booster-box/,4599.0,CZK,190.44,5.29,0,https://cdn.myshoptet.com/usr/www.cardstore.cz/user/shop/big/1910_pci10407-101-01.png?ff=1&x=1024&y=768&q=85&ts=6a077c17&sg=161563f2
2026-08-30,cardstore-cz,pitch-black,bundle,6,Pokémon TCG Pitch Black Booster Bundle,https://www.cardstore.cz/pokemon-tcg-pitch-black-booster-bundle/,879.0,CZK,36.4,6.07,1,https://cdn.myshoptet.com/usr/www.cardstore.cz/user/shop/big/1985_pokemon-pitch-black-booster-bundle.png?ff=1&x=1024&y=768&q=85&ts=6a446794&sg=161563f2
2026-08-30,cardstore-cz,prismatic-evolutions,bundle,6,Pokémon TCG: Prismatic Evolutions - Booster Bundle,https://www.cardstore.cz/pokemon-tcg--prismatic-evolutions-booster-bundle/,2799.0,CZK,115.91,19.32,0,https://cdn.myshoptet.com/usr/www.cardstore.cz/user/shop/big/1846_prismatic-evolutions-bundle.jpg?ff=1&x=1024&y=768&q=85&ts=69f9e64f&sg=161563f2
2026-08-30,cardstore-cz,chaos-rising,bundle,6,Pokémon TCG: Chaos Rising - Booster Bundle,https://www.cardstore.cz/pokemon-tcg--chaos-rising-booster-bundle/,899.0,CZK,37.23,6.2,0,https://cdn.myshoptet.com/usr/www.cardstore.cz/user/shop/big/1843_pci10403-101-01.png?ff=1&x=1024&y=768&q=85&ts=69f89356&sg=161563f2
2026-08-30,cardstore-cz,chaos-rising,etb,9,Pokémon TCG: Chaos Rising - Elite Trainer Box,https://www.cardstore.cz/pokemon-tcg--chaos-rising-elite-trainer-box/,1999.0,CZK,82.78,9.2,1,https://cdn.myshoptet.com/usr/www.cardstore.cz/user/shop/big/1964_chaos-rising-etb.webp?ff=1&x=1024&y=768&q=85&ts=6a2446a4&sg=161563f2
2026-08-30,cardstore-cz,prismatic-evolutions,etb,9,Pokémon TCG: Prismatic Evolutions - Elite Trainer BoxDatum vydání: 17. ledna 2025,https://www.cardstore.cz/pokemon-tcg--prismatic-evolutions-elite-trainer-box/,5999.0,CZK,248.42,27.6,0,https://cdn.myshoptet.com/usr/www.cardstore.cz/user/shop/big/1456-1_prismatic-evolutions-elite-trainer-box-cardstore.png?ff=1&x=1024&y=768&q=85&ts=6727ee4c&sg=161563f2
2026-08-30,fyft-cz,pitch-black,bundle,6,Pokémon: Mega Evolution: Pitch Black Booster Bundle,https://www.fyft.cz/pokemon-mega-evolution-pitch-black-booster-bundle/,1199.0,CZK,49.65,8.28,1,https://cdn.myshoptet.com/usr/www.fyft.cz/user/shop/big/91579_447485-karetni-hra-pokemon-tcg-mega-evolution-booster-bundle-900w.jpg?ff=1&x=1024&y=1024&q=85&ts=6a563066&sg=38cb01fe
2026-08-30,fyft-cz,pitch-black,etb,9,Pokémon: Mega Evolution: Pitch Black Elite Trainer Box,https://www.fyft.cz/pokemon-mega-evolution-pitch-black-elite-trainer-box/,2199.0,CZK,91.06,10.12,1,https://cdn.myshoptet.com/usr/www.fyft.cz/user/shop/big/91570_69fb0fd7b11c3-pokemon-pitch-black-elite-trainer-box-69fb10d2de002.jpg?ff=1&x=1024&y=1024&q=85&ts=6a54de9f&sg=38cb01fe
2026-08-30,fyft-cz,prismatic-evolutions,etb,9,Pokémon: Prismatic Evolutions Elite Trainer Box,https://www.fyft.cz/pokemon-prismatic-evolutions-elite-trainer-box/,4899.0,CZK,202.87,22.54,1,https://cdn.myshoptet.com/usr/www.fyft.cz/user/shop/big/71374-2_elite3.jpg?ff=1&x=1024&y=1024&q=85&ts=67865461&sg=38cb01fe
2026-08-30,fyft-cz,chaos-rising,bundle,6,Pokémon: Mega Evolution Chaos Rising Booster Bundle,https://www.fyft.cz/pokemon-mega-evolution-chaos-rising-booster-bundle/,1199.0,CZK,49.65,8.28,0,https://cdn.myshoptet.com/usr/www.fyft.cz/user/shop/big/89287_snimek-obrazovky-2026-05-20-v--14-34-02.png?ff=1&x=1024&y=1024&q=85&ts=6a0daa45&sg=38cb01fe
2026-08-30,fyft-cz,chaos-rising,etb,9,Pokémon: Mega Evolution: Chaos Rising Elite Trainer Box,https://www.fyft.cz/pokemon-mega-evolution-chaos-rising-elite-trainer-box/,2199.0,CZK,91.06,10.12,0,https://cdn.myshoptet.com/usr/www.fyft.cz/user/shop/big/89284_snimek-obrazovky-2026-05-20-v--14-29-30.png?ff=1&x=1024&y=1024&q=85&ts=6a0da942&sg=38cb01fe
2026-08-30,fyft-cz,pitch-black,booster,1,Pokémon: Mega Evolution: Pitch Black - Booster,https://www.fyft.cz/pokemon-mega-evolution-pitch-black-booster/,139.0,CZK,5.76,5.76,0,https://cdn.myshoptet.com/usr/www.fyft.cz/user/shop/big/91573_82772-1-me05-pitch-black-booste2.jpg?ff=1&x=1024&y=1024&q=85&ts=6a54df9e&sg=38cb01fe
2026-08-30,nekonecno-sk,30th-celebration,bundle,6,Pokémon TCG: 30th Celebration Booster Bundle,https://www.nekonecno.sk/pokemon-tcg-30th-celebration-booster-bundle/,119.99,EUR,119.99,20.0,0,https://cdn.myshoptet.com/usr/www.nekonecno.sk/user/shop/big/143234_pokemon-tcg-30th-celebration-booster-bundle.webp?ff=1&x=1024&y=768&q=85&ts=6a7ef0ce&sg=161563f2
2026-08-30,nekonecno-sk,30th-celebration,etb,10,Pokémon TCG: 30th Celebration Elite Trainer Box,https://www.nekonecno.sk/pokemon-tcg-30th-celebration-elite-trainer-box/,299.99,EUR,299.99,30.0,0,https://cdn.myshoptet.com/usr/www.nekonecno.sk/user/shop/big/143237_pokemon-tcg-30th-celebration-elite-trainer-box-1.webp?ff=1&x=1024&y=768&q=85&ts=6a7ef367&sg=161563f2
2026-08-30,nekonecno-sk,pitch-black,etb,9,Pokémon TCG: Mega Evolution 05 Pitch Black Elite Trainer Box,https://www.nekonecno.sk/pokemon-tcg-mega-evolution-05-pitch-black-elite-trainer-box/,129.99,EUR,129.99,14.44,1,https://cdn.myshoptet.com/usr/www.nekonecno.sk/user/shop/big/141254_pokemon-tcg-mega-evolution-05-pitch-black-elite-trainer-box-1.webp?ff=1&x=1024&y=768&q=85&ts=6a4368ca&sg=161563f2
2026-08-30,nekonecno-sk,ascended-heroes,bundle,6,Pokémon TCG: Mega Evolution 02.5 Ascended Heroes Booster Bundle,https://www.nekonecno.sk/pokemon-tcg-mega-evolution-02-5-ascended-heroes-booster-bundle/,95.99,EUR,95.99,16.0,0,https://cdn.myshoptet.com/usr/www.nekonecno.sk/user/shop/big/136430_pokemon-tcg-mega-evolution-02-5-ascended-heroes-booster-bundle-1.jpg?ff=1&x=1024&y=768&q=85&ts=69dc8c70&sg=161563f2
2026-08-30,nekonecno-sk,ascended-heroes,etb,9,Pokémon TCG: Mega Evolution 02.5 Ascended Heroes Elite Trainer Box,https://www.nekonecno.sk/pokemon-tcg-mega-evolution-02-5-ascended-heroes-elite-trainer-box/,124.79,EUR,124.79,13.87,0,https://cdn.myshoptet.com/usr/www.nekonecno.sk/user/shop/big/132299_pokemon-tcg-mega-evolution-02-5-ascended-heroes-elite-trainer-box-1.jpg?ff=1&x=1024&y=768&q=85&ts=696f2f17&sg=161563f2
2026-08-30,nekonecno-sk,perfect-order,bundle,6,Pokémon TCG: Mega Evolution 03 Perfect Order Booster Bundle,https://www.nekonecno.sk/pokemon-tcg-mega-evolution-02-perfect-order-booster-bundle/,38.39,EUR,38.39,6.4,0,https://cdn.myshoptet.com/usr/www.nekonecno.sk/user/shop/big/134289_pokemon-tcg-mega-evolution-02-perfect-order-booster-bundle-1.jpg?ff=1&x=1024&y=768&q=85&ts=699eb62b&sg=161563f2
2026-08-30,nekonecno-sk,perfect-order,booster,1,Pokémon TCG: Mega Evolution 03 Perfect Order Booster Pack,https://www.nekonecno.sk/pokemon-tcg-mega-evolution-03-perfect-order-booster-pack/,6.71,EUR,6.71,6.71,0,https://cdn.myshoptet.com/usr/www.nekonecno.sk/user/shop/big/134292_pokemon-tcg-mega-evolution-03-perfect-order-booster-pack.jpg?ff=1&x=1024&y=768&q=85&ts=699ec08d&sg=161563f2
2026-08-30,nekonecno-sk,perfect-order,etb,9,Pokémon TCG: Mega Evolution 03 Perfect Order Elite Trainer Box,https://www.nekonecno.sk/pokemon-tcg-mega-evolution-03-perfect-order-elite-trainer-box/,95.99,EUR,95.99,10.67,0,https://cdn.myshoptet.com/usr/www.nekonecno.sk/user/shop/big/134295_pokemon-tcg-mega-evolution-03-perfect-order-elite-trainer-box-1.jpg?ff=1&x=1024&y=768&q=85&ts=699ec338&sg=161563f2
2026-08-30,nekonecno-sk,chaos-rising,bundle,6,Pokémon TCG: Mega Evolution 04 Chaos Rising Booster Bundle,https://www.nekonecno.sk/pokemon-tcg-mega-evolution-04-chaos-rising-booster-bundle/,44.99,EUR,44.99,7.5,0,https://cdn.myshoptet.com/usr/www.nekonecno.sk/user/shop/big/136610-1_pokemon-tcg-mega-evolution-04-chaos-rising-booster-bundle-2.jpg?ff=1&x=1024&y=768&q=85&ts=69dcfb01&sg=161563f2
2026-08-30,nekonecno-sk,chaos-rising,booster,1,Pokémon TCG: Mega Evolution 04 Chaos Rising Booster Pack,https://www.nekonecno.sk/pokemon-tcg-mega-evolution-04-chaos-rising-booster-pack/,6.99,EUR,6.99,6.99,0,https://cdn.myshoptet.com/usr/www.nekonecno.sk/user/shop/big/136436_pokemon-tcg-mega-evolution-04-chaos-rising-booster-pack-1.jpg?ff=1&x=1024&y=768&q=85&ts=69dc92cd&sg=161563f2
2026-08-30,nekonecno-sk,chaos-rising,etb,9,Pokémon TCG: Mega Evolution 04 Chaos Rising Elite Trainer Box,https://www.nekonecno.sk/pokemon-tcg-mega-evolution-04-chaos-rising-elite-trainer-box/,89.99,EUR,89.99,10.0,0,https://cdn.myshoptet.com/usr/www.nekonecno.sk/user/shop/big/136439_pokemon-tcg-mega-evolution-04-chaos-rising-elite-trainer-box-1.jpg?ff=1&x=1024&y=768&q=85&ts=69dc959a&sg=161563f2
2026-08-30,nekonecno-sk,pitch-black,bundle,6,Pokémon TCG: Mega Evolution 05 Pitch Black Booster Bundle,https://www.nekonecno.sk/pokemon-tcg-mega-evolution-05-pitch-black-booster-bundle/,47.99,EUR,47.99,8.0,0,https://cdn.myshoptet.com/usr/www.nekonecno.sk/user/shop/big/141251_pokemon-tcg-mega-evolution-05-pitch-black-booster-bundle-1.webp?ff=1&x=1024&y=768&q=85&ts=6a436610&sg=161563f2
2026-08-30,nekonecno-sk,pitch-black,booster,1,Pokémon TCG: Mega Evolution 05 Pitch Black Booster Pack,https://www.nekonecno.sk/pokemon-tcg-mega-evolution-05-pitch-black-booster-pack/,7.67,EUR,7.67,7.67,1,https://cdn.myshoptet.com/usr/www.nekonecno.sk/user/shop/big/141248_pokemon-tcg-mega-evolution-05-pitch-black-booster-pack.webp?ff=1&x=1024&y=768&q=85&ts=6a4363f5&sg=161563f2
2026-08-30,nekonecno-sk,prismatic-evolutions,bundle,6,Pokémon TCG: Scarlet & Violet 8.5 Prismatic Evolutions Booster Bundle,https://www.nekonecno.sk/pokemon-tcg-scarlet-violet-8-5-prismatic-evolutions-booster-bundle/,57.59,EUR,57.59,9.6,0,https://cdn.myshoptet.com/usr/www.nekonecno.sk/user/shop/big/114545_pokemon-tcg-scarlet-violet-8-5-prismatic-evolutions-booster-bundle-1.jpg?ff=1&x=1024&y=768&q=85&ts=678dff60&sg=161563f2
2026-08-30,nekonecno-sk,prismatic-evolutions,etb,9,Pokémon TCG: Scarlet & Violet 8.5 Prismatic Evolutions Elite Trainer Box,https://www.nekonecno.sk/pokemon-tcg-scarlet-violet-8-5-prismatic-evolutions-elite-trainer-box/,191.99,EUR,191.99,21.33,0,https://cdn.myshoptet.com/usr/www.nekonecno.sk/user/shop/big/114452_pokemon-tcg-scarlet-violet-8-5-prismatic-evolutions-elite-trainer-box-0196214105133-1.jpg?ff=1&x=1024&y=768&q=85&ts=6787c099&sg=161563f2
2026-08-30,pokemon4u-cz,pitch-black,booster,1,Pokémon TCG: Mega Evolution Pitch Black - Booster,https://www.pokemon4u.cz/pokemon-tcg--mega-evolution-pitch-black-booster/,149.0,CZK,6.17,6.17,1,https://cdn.myshoptet.com/usr/www.pokemon4u.cz/user/shop/big/49123-1_snimek-obrazovky-2026-07-12-143218.png?ff=1&x=1024&y=768&q=85&ts=6a53896e&sg=161563f2
2026-08-30,zardo-cz,pitch-black,bundle,6,Pokémon TCG: Mega Evolution—Pitch Black Booster Bundle,https://www.zardo.cards/en/p/pokemon-tcg-mega-evolution-pitch-black-booster-bundle,37.23,EUR,37.23,6.2,1,https://zardocards.s9.cdn-upgates.com/_cache/4/b/4bb7fd3a23a09972b5ba26a26fb2dd56-107828.jpg
2026-08-30,zardo-cz,chaos-rising,bundle,6,Pokémon TCG: Mega Evolution—Chaos Rising Booster Bundle,https://www.zardo.cards/en/p/pokemon-tcg-mega-evolution-chaos-rising-booster-bundle,41.37,EUR,41.37,6.89,1,https://zardocards.s9.cdn-upgates.com/_cache/9/b/9be32de9464fffe06db816d2beabb1ea-139525-p11219-me04-3d-booster-bundle-box-left-en-1000x1470-d37569e.png
2026-08-30,zardo-cz,pitch-black,booster,1,Pokémon TCG: Mega Evolution—Pitch Black Booster Pack,https://www.zardo.cards/en/p/pokemon-tcg-mega-evolution-pitch-black-booster-pack,5.76,EUR,5.76,5.76,1,https://zardocards.s9.cdn-upgates.com/_cache/7/8/78a7ca6c6c2948d2144b10cec14a7e60-p11220-me05-3d-booster-wraps-1-mdarkrai-en-780x1426-f9ba13a.png
2026-08-30,zardo-cz,chaos-rising,booster,1,Pokémon TCG: Mega Evolution —Chaos Rising Booster Pack,https://www.zardo.cards/en/p/pokemon-tcg-mega-evolution-chaos-rising-booster-pack,6.17,EUR,6.17,6.17,1,https://zardocards.s9.cdn-upgates.com/_cache/f/b/fb0b4304f280d4f1190f7805212186a0-139531-p11219-me04-3d-booster-wraps-1-mgreninja-en-780x1426-73ff281.png
2026-08-30,zardo-cz,pitch-black,etb,9,Pokémon TCG: Mega Evolution—Pitch Black Elite Trainer Box,https://www.zardo.cards/en/p/pokemon-tcg-mega-evolution-pitch-black-elite-trainer-box,74.49,EUR,74.49,8.28,1,https://zardocards.s9.cdn-upgates.com/_cache/e/7/e706af9bdce76987e41bd11311c2337d-p11220-me05-3d-etb-outersleeve-left-en-1200x1144-ff67cc5.png
2026-08-30,zardo-cz,chaos-rising,etb,9,Pokémon TCG: Mega Evolution—Chaos Rising Elite Trainer Box,https://www.zardo.cards/en/p/pokemon-tcg-mega-evolution-chaos-rising-elite-trainer-box,78.63,EUR,78.63,8.74,1,https://zardocards.s9.cdn-upgates.com/_cache/e/2/e2168d5824446185c3b080db60996b5f-139516-p11219-me04-3d-etb-outersleeve-left-en-1000x954-12c7d2a.png
2026-08-30,zardo-cz,ascended-heroes,etb,9,Pokémon TCG: Mega Evolution—Ascended Heroes Elite Trainer Box,https://www.zardo.cards/en/p/pokemon-tcg-mega-evolution-ascended-heroes-elite-trainer-box,165.59,EUR,165.59,18.4,1,https://zardocards.s9.cdn-upgates.com/_cache/6/d/6d0819e43d4e2bb30212c3c7a9ba330f-p11425-me02pt5-3d-etb-outersleeve-left-en-1200x1144-ff67cc5.png
2026-08-30,gengar-cz,pitch-black,bundle,6,Pokémon Mega Evolution - Pitch Black Booster Bundle,https://www.gengar.cz/p/pokemon-mega-evolution-pitch-black-booster-bundle,1099.0,CZK,45.51,7.58,0,https://gengar.s28.cdn-upgates.com/_cache/7/6/76e1a860ab1ada27c4c970de46791063-navrh-bez-nazvu-8.webp
2026-08-30,gengar-cz,prismatic-evolutions,booster,1,Pokémon Scarlet & Violet - Prismatic Evolutions Booster,https://www.gengar.cz/p/pokemon-prismatic-evolutions,589.0,CZK,24.39,24.39,0,https://gengar.s28.cdn-upgates.com/_cache/5/7/576449913f6b27d20dc553a56e96fe3a-obra-cc-81zek-20106-depositphotos-bgremover.png
2026-08-30,gengar-cz,pitch-black,booster,1,Pokémon Mega Evolution - Pitch Black Booster,https://www.gengar.cz/p/pokemon-mega-evolution-pitch-black-booster,159.0,CZK,6.58,6.58,0,https://gengar.s28.cdn-upgates.com/_cache/1/5/1508357f11f85a679b07c3e7b77bf674-3.webp
2026-08-30,pompo-cz,chaos-rising,booster,1,Pokémon TCG: ME04 Chaos Rising - Booster,https://pompo.cz/pokemon-tcg-me04-chaos-rising-booster_z267629/,138.0,CZK,5.71,5.71,1,https://data.pompo.cz/data/tmp/0/7/517097_0.jpg?1777026098_1
2026-08-30,pompo-cz,ascended-heroes,bundle,6,Pokémon TCG: ME02.5 Ascended Heroes - Booster Bundle,https://pompo.cz/pokemon-tcg-me02-5-ascended-heroes-booster-bundle_z267621/,2199.0,CZK,91.06,15.18,1,https://data.pompo.cz/data/tmp/0/8/517108_0.jpg?1777026105_1
2026-08-30,pompo-cz,perfect-order,booster,1,Pokémon TCG: ME03 Perfect Order - Booster,https://pompo.cz/pokemon-tcg-me03-perfect-order-booster_z264803/,149.0,CZK,6.17,6.17,1,https://data.pompo.cz/data/tmp/0/3/509403_0.jpg?1774520467_1
2026-08-30,pompo-cz,perfect-order,etb,9,Pokémon TCG: ME03 Perfect Order - Elite Trainer Box,https://pompo.cz/pokemon-tcg-me03-perfect-order-elite-trainer-box_z264801/,1848.0,CZK,76.53,8.5,1,https://data.pompo.cz/data/tmp/0/8/509468_0.jpg?1774520498_1
2026-08-30,pompo-cz,pitch-black,booster,1,Pokémon TCG: ME05 Pitch Black - Booster,https://pompo.cz/pokemon-tcg-me05-pitch-black-booster_z272061/,139.0,CZK,5.76,5.76,1,https://data.pompo.cz/data/tmp/0/3/533993_0.jpg?1783491695_1
2026-08-30,pompo-cz,pitch-black,etb,9,Pokémon TCG: ME05 Pitch Black - Elite Trainer Box,https://pompo.cz/pokemon-tcg-me05-pitch-black-elite-trainer-box_z272059/,1899.0,CZK,78.64,8.74,1,https://data.pompo.cz/data/tmp/0/6/533986_0.jpg?1783491689_1
2026-08-30,pompo-cz,ascended-heroes,etb,9,Pokémon TCG: ME02.5 Ascended Heroes - Elite Trainer Box,https://pompo.cz/pokemon-tcg-me02-5-ascended-heroes-elite-trainer-box_z262209/,4486.0,CZK,185.77,20.64,1,https://data.pompo.cz/data/tmp/0/1/496811_0.jpg?1770999985_1
2026-08-30,pompo-cz,prismatic-evolutions,bundle,6,Pokémon TCG: SV8.5 Prismatic Evolutions - Booster Bundle,https://pompo.cz/pokemon-tcg-sv8-5-prismatic-evolutions-booster-bundle_z230521/,2999.0,CZK,124.19,20.7,0,https://data.pompo.cz/data/tmp/0/6/397796_0.jpg?1741861312_1
2026-08-30,pompo-cz,prismatic-evolutions,etb,9,Pokémon TCG: SV8.5 - Elite Trainer Box,https://pompo.cz/pokemon-tcg-sv8-5-elite-trainer-box_z226831/,4893.0,CZK,202.62,22.51,0,https://data.pompo.cz/data/tmp/0/5/388445_0.jpg?1736936636_1
2026-08-30,pompo-sk,chaos-rising,booster,1,Pokémon TCG: ME04 Chaos Rising - Booster,https://pompo.sk/pokemon-tcg-me04-chaos-rising-booster_z267629/,7.39,EUR,7.39,7.39,1,https://pompo.sk/data/tmp/0/7/517097_0.jpg?1777026098_1
2026-08-30,pompo-sk,ascended-heroes,bundle,6,Pokémon TCG: ME02.5 Ascended Heroes - Booster Bundle,https://pompo.sk/pokemon-tcg-me02-5-ascended-heroes-booster-bundle_z267621/,93.2,EUR,93.2,15.53,1,https://pompo.sk/data/tmp/0/8/517108_0.jpg?1777026105_1
2026-08-30,pompo-sk,chaos-rising,etb,9,Pokémon TCG: ME04 Chaos Rising - Elite Trainer Box,https://pompo.sk/pokemon-tcg-me04-chaos-rising-elite-trainer-box_z267627/,95.99,EUR,95.99,10.67,1,https://pompo.sk/data/tmp/0/9/517079_0.jpg?1777026088_1
2026-08-30,pompo-sk,pitch-black,booster,1,Pokémon TCG: ME05 Pitch Black - Booster,https://pompo.sk/pokemon-tcg-me05-pitch-black-booster_z272061/,5.9,EUR,5.9,5.9,1,https://pompo.sk/data/tmp/0/3/533993_0.jpg?1783491695_1
2026-08-30,pompo-sk,perfect-order,booster,1,Pokémon TCG: ME03 Perfect Order - Booster,https://pompo.sk/pokemon-tcg-me03-perfect-order-booster_z264803/,7.5,EUR,7.5,7.5,1,https://pompo.sk/data/tmp/0/3/509403_0.jpg?1774520467_1
2026-08-30,pompo-sk,pitch-black,etb,9,Pokémon TCG: ME05 Pitch Black - Elite Trainer Box,https://pompo.sk/pokemon-tcg-me05-pitch-black-elite-trainer-box_z272059/,103.6,EUR,103.6,11.51,1,https://pompo.sk/data/tmp/0/6/533986_0.jpg?1783491689_1
2026-08-30,pompo-sk,perfect-order,etb,9,Pokémon TCG: ME03 Perfect Order - Elite Trainer Box,https://pompo.sk/pokemon-tcg-me03-perfect-order-elite-trainer-box_z264801/,85.0,EUR,85.0,9.44,1,https://pompo.sk/data/tmp/0/8/509468_0.jpg?1774520498_1
2026-08-30,pompo-sk,ascended-heroes,etb,9,Pokémon TCG: ME02.5 Ascended Heroes - Elite Trainer Box,https://pompo.sk/pokemon-tcg-me02-5-ascended-heroes-elite-trainer-box_z262209/,183.9,EUR,183.9,20.43,1,https://pompo.sk/data/tmp/0/1/496811_0.jpg?1770999985_1
2026-08-30,pompo-sk,prismatic-evolutions,etb,9,Pokémon TCG: SV8.5 - Elite Trainer Box,https://pompo.sk/pokemon-tcg-sv8-5-elite-trainer-box_z226831/,194.99,EUR,194.99,21.67,0,https://pompo.sk/data/tmp/0/5/388445_0.jpg?1736936636_1
2026-08-30,digihry-sk,chaos-rising,booster,1,Pokémon TCG: ME04 Chaos Rising - Booster,https://www.digihry.sk/p-65354/pokemon-tcg-me04-chaos-rising-booster-tcg,6.0,EUR,6.0,6.0,1,https://www.digihry.sk/obrazky/df14c5b151cbd002d10c10d213917e59_500-500.jpg
2026-08-30,digihry-sk,chaos-rising,bundle,6,Pokémon TCG: ME04 Chaos Rising - Booster Bundle,https://www.digihry.sk/p-65130/pokemon-tcg-me04-chaos-rising-booster-bundle-tcg,37.95,EUR,37.95,6.33,1,https://www.digihry.sk/obrazky/4a65091dcd8c5f0140c1fd1377b062d2_500-500.jpg
2026-08-30,digihry-sk,prismatic-evolutions,bundle,6,Pokémon TCG: SV8.5 Prismatic Evolutions - Booster Bundle,https://www.digihry.sk/p-12965/pokemon-tcg-sv8-5-prismatic-evolutions-booster-bundle-tcg,95.01,EUR,95.01,15.84,0,https://www.digihry.sk/obrazky/fe63f05fc9c308ae432b4569a898e6c1_500-500.jpg
2026-08-30,digihry-sk,ascended-heroes,bundle,6,Pokémon TCG: ME02.5 Ascended Heroes - Booster Bundle,https://www.digihry.sk/p-63879/pokemon-tcg-me02-5-ascended-heroes-booster-bundle-tcg,75.01,EUR,75.01,12.5,0,https://www.digihry.sk/obrazky/78444a6a1278e7a452f55696bffd5481_500-500.jpg
2026-08-30,digihry-sk,perfect-order,bundle,6,Pokémon TCG: ME03 Perfect Order - Booster Bundle,https://www.digihry.sk/p-36713/pokemon-tcg-me03-perfect-order-booster-bundle-tcg,38.5,EUR,38.5,6.42,0,https://www.digihry.sk/obrazky/aeb1f427c1071037cfd05f288fd09254_500-500.jpg
2026-08-30,digihry-sk,chaos-rising,booster-box,36,Pokémon TCG: ME04 Chaos Rising - Booster Box,https://www.digihry.sk/p-65132/pokemon-tcg-me04-chaos-rising-booster-box-tcg,214.95,EUR,214.95,5.97,0,https://www.digihry.sk/obrazky/b3f7fdcefccbe8d6c34ee4cd6185390a_500-500.jpg
2026-08-30,digihry-sk,pitch-black,bundle,6,Pokémon TCG: ME05 Pitch Black - Booster Bundle,https://www.digihry.sk/p-67357/pokemon-tcg-me05-pitch-black-booster-bundle-tcg,39.95,EUR,39.95,6.66,0,https://www.digihry.sk/obrazky/7f4dd80b7d0824ffc95eec86cec8673e_500-500.jpg
2026-08-30,digihry-sk,perfect-order,booster-box,36,Pokémon TCG: ME03 Perfect Order - Booster Box,https://www.digihry.sk/p-36696/pokemon-tcg-me03-perfect-order-booster-box-tcg,195.95,EUR,195.95,5.44,0,https://www.digihry.sk/obrazky/347ba1cdd26651577d0dcc540ec3e6c7_500-500.jpg
2026-08-30,digihry-sk,pitch-black,booster-box,36,Pokémon TCG: ME05 Pitch Black - Booster Box,https://www.digihry.sk/p-67375/pokemon-tcg-me05-pitch-black-booster-box-tcg,214.95,EUR,214.95,5.97,0,https://www.digihry.sk/obrazky/fdf2996bb1d9932f7ca1b965e2826141_500-500.jpg
2026-08-30,pgs-sk,pitch-black,booster,1,Pokémon TCG: Mega Evolution Pitch Black - Booster,https://www.pgs.sk/pokemon-tcg-mega-evolution-pitch-black-booster-4p278008,5.99,EUR,5.99,5.99,1,https://doc.smarty.sk/pic/d_d8c1e63caa334e8fad8555668efc8249-200-200.webp
2026-08-30,pgs-sk,perfect-order,booster,1,Pokémon TCG: ME03 - Perfect Order - Booster,https://www.pgs.sk/pokemon-tcg-me03-perfect-order-booster-4p255655,5.99,EUR,5.99,5.99,1,https://doc.smarty.sk/pic/G5XR000K01-200-200.webp
2026-08-30,pgs-sk,chaos-rising,booster,1,Pokémon TCG: ME04 - Chaos Rising Booster,https://www.pgs.sk/pokemon-tcg-me04-chaos-rising-booster-4p263550,5.99,EUR,5.99,5.99,1,https://doc.smarty.sk/pic/d_15e2dc6711f34cbf9569a5b471fd53ca-200-200.webp
2026-08-30,vesely-drak-cz,pitch-black,booster-box,36,Pokémon Pitch Black Booster Box,https://www.vesely-drak.cz/produkty/booster-boxy/18700-pokemon-pitch-black-booster-box/,5499.0,CZK,227.71,6.33,1,https://www.vesely-drak.cz/obrazek/69faf2349daee/pokemon-pitch-black-booster-box-69faf35e1f072.jpg
2026-08-30,vesely-drak-cz,pitch-black,booster,1,Pokémon Pitch Black Booster,https://www.vesely-drak.cz/produkty/booster-boxy/18702-pokemon-pitch-black-booster/,149.0,CZK,6.17,6.17,1,https://www.vesely-drak.cz/obrazek/69faf2349daee/pokemon-pitch-black-booster-balicek-69fb0164042af.jpg
2026-08-30,vesely-drak-cz,pitch-black,bundle,6,Pokémon Pitch Black Booster Bundle,https://www.vesely-drak.cz/produkty/booster-boxy/18706-pokemon-pitch-black-booster-bundle/,1099.0,CZK,45.51,7.58,1,https://www.vesely-drak.cz/obrazek/69fb4c6968808/pokemon-pitch-black-booster-bundle-69fb4f4bbaa47.jpg
2026-08-30,vesely-drak-cz,chaos-rising,booster-box,36,Pokémon Chaos Rising Booster Box,https://www.vesely-drak.cz/produkty/booster-boxy/18272-pokemon-chaos-rising-booster-box/,5499.0,CZK,227.71,6.33,1,https://www.vesely-drak.cz/obrazek/69b91d1e64667/pokemon-chaos-rising-booster-box-69b921e09b8fb.jpg
2026-08-30,vesely-drak-cz,ascended-heroes,bundle,6,Pokémon Ascended Heroes Booster Bundle,https://www.vesely-drak.cz/produkty/booster-boxy/17294-pokemon-ascended-heroes-booster-bundle/,2399.0,CZK,99.34,16.56,1,https://www.vesely-drak.cz/obrazek/69244c79872ee/pokemon-tcg-mega-evolution--ascended-heroes-booster-bundle-copy-692458c956276.jpg
2026-08-30,vesely-drak-cz,chaos-rising,bundle,6,Pokémon Chaos Rising Booster Bundle,https://www.vesely-drak.cz/produkty/booster-boxy/18284-pokemon-chaos-rising-booster-bundle/,1499.0,CZK,62.07,10.35,0,https://www.vesely-drak.cz/obrazek/69b97d04cc69c/pokemon-chaos-rising-booster-bundle-69ba5ddc40c92.jpg
2026-08-30,vesely-drak-cz,perfect-order,booster-box,36,Pokémon Perfect Order Booster Box,https://www.vesely-drak.cz/produkty/booster-boxy/17646-pokemon-perfect-order-booster-box/,5999.0,CZK,248.42,6.9,0,https://www.vesely-drak.cz/obrazek/6964cfa112467/perfect-order-booster-box-scaled-6964d5ad7f2fd.jpg
2026-08-30,vesely-drak-cz,perfect-order,bundle,6,Pokémon Perfect Order Booster Bundle,https://www.vesely-drak.cz/produkty/booster-boxy/18075-pokemon-perfect-order-booster-bundle/,999.0,CZK,41.37,6.89,0,https://www.vesely-drak.cz/obrazek/699c6cf0ded79/pokemon-perfect-order-booster-bundle-699c78c989134.jpg
2026-08-30,vesely-drak-cz,prismatic-evolutions,bundle,6,Pokémon Prismatic Evolutions - Booster Bundle (6 balíčků),https://www.vesely-drak.cz/produkty/boostery/14503-pokemon-prismatic-evolutions-booster-bundle-6-balicku/,2299.0,CZK,95.2,15.87,0,https://www.vesely-drak.cz/obrazek/672b1c4c3dc2f/1111-672b1fbc455b4.jpg
2026-08-30,vesely-drak-cz,chaos-rising,booster,1,Pokémon Chaos Rising Booster,https://www.vesely-drak.cz/produkty/boostery/18271-pokemon-chaos-rising-booster/,149.0,CZK,6.17,6.17,1,https://www.vesely-drak.cz/obrazek/69b9025495224/pokemon-chaos-rising-booster-pack-balicek-1-69b91aa25ae83.jpg
2026-08-30,vesely-drak-cz,perfect-order,booster,1,Pokémon Perfect Order Booster,https://www.vesely-drak.cz/produkty/boostery/17645-pokemon-perfect-order-booster/,169.0,CZK,7.0,7.0,0,https://www.vesely-drak.cz/obrazek/6964c77d6b78f/pokemon-tcg-mega-evolution--perfect-order-booster-wrap-meowth-6964cdea7c059.jpg
2026-08-30,vesely-drak-cz,prismatic-evolutions,booster,1,Pokémon Prismatic Evolutions Booster,https://www.vesely-drak.cz/produkty/jednotlive-boostery-pokemon/14465-pokemon-prismatic-evolutions-booster/,399.0,CZK,16.52,16.52,0,https://www.vesely-drak.cz/obrazek/6726099699990/boos-67260b3c8a9f1.jpg
2026-08-30,vesely-drak-sk,pitch-black,booster-box,36,Pokémon Pitch Black Booster Box,https://www.vesely-drak.sk/produkty/booster-boxy/18700-pokemon-pitch-black-booster-box/,219.96,EUR,219.96,6.11,1,https://www.vesely-drak.sk/obrazek/69faf2349daee/pokemon-pitch-black-booster-box-69faf35e1f072.jpg
2026-08-30,vesely-drak-sk,pitch-black,booster,1,Pokémon Pitch Black Booster,https://www.vesely-drak.sk/produkty/booster-boxy/18702-pokemon-pitch-black-booster/,5.96,EUR,5.96,5.96,1,https://www.vesely-drak.sk/obrazek/69faf2349daee/pokemon-pitch-black-booster-balicek-69fb0164042af.jpg
2026-08-30,vesely-drak-sk,pitch-black,bundle,6,Pokémon Pitch Black Booster Bundle,https://www.vesely-drak.sk/produkty/booster-boxy/18706-pokemon-pitch-black-booster-bundle/,43.96,EUR,43.96,7.33,1,https://www.vesely-drak.sk/obrazek/69fb4c6968808/pokemon-pitch-black-booster-bundle-69fb4f4bbaa47.jpg
2026-08-30,vesely-drak-sk,chaos-rising,booster-box,36,Pokémon Chaos Rising Booster Box,https://www.vesely-drak.sk/produkty/booster-boxy/18272-pokemon-chaos-rising-booster-box/,219.96,EUR,219.96,6.11,1,https://www.vesely-drak.sk/obrazek/69b91d1e64667/pokemon-chaos-rising-booster-box-69b921e09b8fb.jpg
2026-08-30,vesely-drak-sk,ascended-heroes,bundle,6,Pokémon Ascended Heroes Booster Bundle,https://www.vesely-drak.sk/produkty/booster-boxy/17294-pokemon-ascended-heroes-booster-bundle/,95.96,EUR,95.96,15.99,1,https://www.vesely-drak.sk/obrazek/69244c79872ee/pokemon-tcg-mega-evolution--ascended-heroes-booster-bundle-copy-692458c956276.jpg
2026-08-30,vesely-drak-sk,chaos-rising,bundle,6,Pokémon Chaos Rising Booster Bundle,https://www.vesely-drak.sk/produkty/booster-boxy/18284-pokemon-chaos-rising-booster-bundle/,59.96,EUR,59.96,9.99,0,https://www.vesely-drak.sk/obrazek/69b97d04cc69c/pokemon-chaos-rising-booster-bundle-69ba5ddc40c92.jpg
2026-08-30,vesely-drak-sk,perfect-order,booster-box,36,Pokémon Perfect Order Booster Box,https://www.vesely-drak.sk/produkty/booster-boxy/17646-pokemon-perfect-order-booster-box/,239.96,EUR,239.96,6.67,0,https://www.vesely-drak.sk/obrazek/6964cfa112467/perfect-order-booster-box-scaled-6964d5ad7f2fd.jpg
2026-08-30,vesely-drak-sk,perfect-order,bundle,6,Pokémon Perfect Order Booster Bundle,https://www.vesely-drak.sk/produkty/booster-boxy/18075-pokemon-perfect-order-booster-bundle/,39.96,EUR,39.96,6.66,0,https://www.vesely-drak.sk/obrazek/699c6cf0ded79/pokemon-perfect-order-booster-bundle-699c78c989134.jpg
2026-08-30,vesely-drak-sk,prismatic-evolutions,bundle,6,Pokémon Prismatic Evolutions - Booster Bundle (6 balíčkov),https://www.vesely-drak.sk/produkty/boostery/14503-pokemon-prismatic-evolutions-booster-bundle-6-balicku/,91.96,EUR,91.96,15.33,0,https://www.vesely-drak.sk/obrazek/672b1c4c3dc2f/1111-672b1fbc455b4.jpg
2026-08-30,vesely-drak-sk,chaos-rising,booster,1,Pokémon Chaos Rising Booster,https://www.vesely-drak.sk/produkty/boostery/18271-pokemon-chaos-rising-booster/,5.96,EUR,5.96,5.96,1,https://www.vesely-drak.sk/obrazek/69b9025495224/pokemon-chaos-rising-booster-pack-balicek-1-69b91aa25ae83.jpg
2026-08-30,vesely-drak-sk,perfect-order,booster,1,Pokémon Perfect Order Booster,https://www.vesely-drak.sk/produkty/boostery/17645-pokemon-perfect-order-booster/,6.76,EUR,6.76,6.76,0,https://www.vesely-drak.sk/obrazek/6964c77d6b78f/pokemon-tcg-mega-evolution--perfect-order-booster-wrap-meowth-6964cdea7c059.jpg
2026-08-30,vesely-drak-sk,prismatic-evolutions,booster,1,Pokémon Prismatic Evolutions Booster,https://www.vesely-drak.sk/produkty/jednotlive-boostery-pokemon/14465-pokemon-prismatic-evolutions-booster/,15.96,EUR,15.96,15.96,0,https://www.vesely-drak.sk/obrazek/6726099699990/boos-67260b3c8a9f1.jpg
2026-08-30,cardyx-sk,chaos-rising,booster,1,Pokémon Chaos Rising Booster Pack,https://www.cardyx.sk/products/pokemon-chaos-rising-booster-pack,6.99,EUR,6.99,6.99,1,https://cdn.shopify.com/s/files/1/0669/4961/1785/files/5704a4015d1f145a95e92dff3f4ca977.webp?v=1783718920
2026-08-30,cardyx-sk,30th-celebration,etb,10,Pokémon TCG - 30th Anniversary Celebrations - Elite Trainer Box,https://www.cardyx.sk/products/pokemon-tcg-30th-anniversary-celebrations-elite-trainer-box,189.99,EUR,189.99,19.0,1,https://cdn.shopify.com/s/files/1/0669/4961/1785/files/19992_20-cards--5.webp?v=1787671039
2026-08-30,cardyx-sk,ascended-heroes,etb,9,Pokemon TCG - Ascended Heroes - Elite Trainer Box,https://www.cardyx.sk/products/pokemon-tcg-ascendent-heroes-elite-trainer-box,169.99,EUR,169.99,18.89,1,https://cdn.shopify.com/s/files/1/0669/4961/1785/files/255839.webp?v=1767350429
2026-08-30,cardyx-sk,ascended-heroes,booster,1,Pokémon TCG - Mega Evolution - Ascended Heroes Booster Pack,https://www.cardyx.sk/products/pokemon-tcg-mega-evolution-ascended-heroes-booster-pack,14.99,EUR,14.99,14.99,1,https://cdn.shopify.com/s/files/1/0669/4961/1785/files/P11437_10-10311-114_03.webp?v=1785766518
2026-08-30,cardyx-sk,chaos-rising,booster-box,36,Pokémon TCG - Mega Evolution - Chaos Rising - Booster Box,https://www.cardyx.sk/products/pokemon-tcg-mega-evolution-chaos-rising-booster-box,239.99,EUR,239.99,6.67,1,https://cdn.shopify.com/s/files/1/0669/4961/1785/files/P11219_10-10407-119_01.jpg?v=1777102376
2026-08-30,cardyx-sk,ascended-heroes,bundle,6,Pokémon TCG: Ascended Heroes - Booster Bundle,https://www.cardyx.sk/products/pokemon-tcg-ascended-heroes-booster-bundle,84.99,EUR,84.99,14.16,0,https://cdn.shopify.com/s/files/1/0669/4961/1785/files/P11437_10-10311-114_01.jpg?v=1770046542
2026-08-30,cardyx-sk,chaos-rising,etb,9,Pokémon TCG: Mega Evolution - Chaos Rising - Elite Trainer Box,https://www.cardyx.sk/products/pokemon-tcg-mega-evolution-chaos-rising-elite-trainer-box,87.99,EUR,87.99,9.78,1,https://cdn.shopify.com/s/files/1/0669/4961/1785/files/17436_6x--19.webp?v=1780061151
2026-08-30,cardyx-sk,pitch-black,bundle,6,Pokémon TCG: Mega Evolution - Pitch Black - Booster Bundle,https://www.cardyx.sk/products/pokemon-tcg-mega-evolution-pitch-black-booster-bundle,54.99,EUR,54.99,9.17,1,https://cdn.shopify.com/s/files/1/0669/4961/1785/files/Karty-Pokemon-TCG-ME05-Pitch-Black-Booster-Bundle-PREDPOBJEDNAVKA.jpg?v=1782306811
2026-08-30,cardyx-sk,pitch-black,etb,9,Pokémon TCG: Mega Evolution - Pitch Black - Elite Trainer Box,https://www.cardyx.sk/products/pokemon-tcg-mega-evolution-pitch-black-elite-trainer-box,99.99,EUR,99.99,11.11,1,https://cdn.shopify.com/s/files/1/0669/4961/1785/files/karetni-hra-pokemon-tcg-mega-evolution-elite-trainer-box-900w.png?v=1782307724
2026-08-30,cardyx-sk,pitch-black,booster-box,36,Pokémon TCG: Mega Evolution - Pitch Black Booster Box,https://www.cardyx.sk/products/pokemon-tcg-mega-evolution-pitch-black-booster-box,237.99,EUR,237.99,6.61,1,https://cdn.shopify.com/s/files/1/0669/4961/1785/files/Untitled-1_ffad5339-e750-4d20-acf9-f6382c291bc4.jpg?v=1780224571
2026-08-30,cardyx-sk,perfect-order,booster-box,36,Pokémon TCG: Perfect Order - Booster Box,https://www.cardyx.sk/products/pokemon-tcg-perfect-order-booster-box,219.99,EUR,219.99,6.11,1,https://cdn.shopify.com/s/files/1/0669/4961/1785/files/P11218_10-10380-101_01.jpg?v=1770047871
2026-08-30,cardyx-sk,perfect-order,etb,9,Pokémon TCG: Perfect Order - Elite Trainer Box,https://www.cardyx.sk/products/pokemon-tcg-perfect-order-elite-trainer-box,74.99,EUR,74.99,8.33,1,https://cdn.shopify.com/s/files/1/0669/4961/1785/files/pokemon-tcg-mega-evolution-perfect-order-elite-trainer-box.avif?v=1770047403
2026-08-30,cardyx-sk,perfect-order,booster,1,Pokémon TCG: Perfect Order Booster Pack,https://www.cardyx.sk/products/pokemon-tcg-perfect-order-booster-pack,6.99,EUR,6.99,6.99,1,https://cdn.shopify.com/s/files/1/0669/4961/1785/files/P11218_10-10380-101_03.webp?v=1783718364
2026-08-30,cardyx-sk,pitch-black,booster,1,Pokémon TCG: Pitch Black Booster Pack,https://www.cardyx.sk/products/pokemon-tcg-pitch-black-booster-pack,6.99,EUR,6.99,6.99,1,https://cdn.shopify.com/s/files/1/0669/4961/1785/files/images_6.jpg?v=1785686593
2026-08-30,cardyx-sk,prismatic-evolutions,bundle,6,Pokémon: Prismatic Evolutions - Booster Bundle,https://www.cardyx.sk/products/pokemon-prismatic-evolutions-booster-bundle,98.99,EUR,98.99,16.5,0,https://cdn.shopify.com/s/files/1/0669/4961/1785/files/fe63f05fc9c308ae432b4569a898e6c1.jpg?v=1738072818
2026-08-30,alza-cz,pitch-black,booster,1,Pokémon TCG: ME05 Pitch Black - Booster,https://www.alza.cz/hracky/pokemon-tcg-me05-pitch-black-booster-d13465380.htm,139.0,CZK,5.76,5.76,1,https://image.alza.cz/products/HRAls22453/HRAls22453.jpg?width=230&height=230
2026-08-30,alza-cz,chaos-rising,bundle,6,Pokémon TCG: ME04 Chaos Rising - Booster Bundle,https://www.alza.cz/hracky/pokemon-tcg-me04-chaos-rising-booster-bundle-d13373964.htm,999.0,CZK,41.37,6.89,1,https://image.alza.cz/products/HRAls21420/HRAls21420.jpg?width=230&height=230
2026-08-30,alza-cz,chaos-rising,booster,1,Pokémon TCG: ME04 Chaos Rising - Booster,https://www.alza.cz/hracky/pokemon-tcg-me04-chaos-rising-booster-d13373961.htm,139.0,CZK,5.76,5.76,1,https://image.alza.cz/products/HRAls21418/HRAls21418.jpg?width=230&height=230
2026-08-30,alza-cz,ascended-heroes,bundle,6,Pokémon TCG: ME02.5 Ascended Heroes - Booster Bundle,https://www.alza.cz/hracky/pokemon-tcg-me02-5-ascended-heroes-booster-bundle-d13341019.htm,1999.0,CZK,82.78,13.8,0,https://image.alza.cz/products/HRAls21109/HRAls21109.jpg?width=230&height=230
2026-08-30,alza-cz,pitch-black,bundle,6,Pokémon TCG: ME05 Pitch Black - Booster Bundle,https://www.alza.cz/hracky/pokemon-tcg-me05-pitch-black-booster-bundle-d13465379.htm,999.0,CZK,41.37,6.89,0,https://image.alza.cz/products/HRAls22455/HRAls22455.jpg?width=230&height=230
2026-08-30,alza-cz,perfect-order,booster,1,Pokémon TCG: ME03 Perfect Order - Booster,https://www.alza.cz/hracky/pokemon-tcg-me03-perfect-order-booster-d13221714.htm,149.0,CZK,6.17,6.17,0,https://image.alza.cz/products/HRAls19399/HRAls19399.jpg?width=230&height=230
2026-08-30,alza-cz,perfect-order,bundle,6,Pokémon TCG: ME03 Perfect Order - Booster Bundle,https://www.alza.cz/hracky/pokemon-tcg-me03-perfect-order-booster-bundle-d13221715.htm,859.0,CZK,35.57,5.93,0,https://image.alza.cz/products/HRAls19401/HRAls19401.jpg?width=230&height=230
2026-08-30,alza-cz,chaos-rising,etb,9,Pokémon TCG: ME04 Chaos Rising - Elite Trainer Box,https://www.alza.cz/hracky/pokemon-tcg-me04-chaos-rising-elite-trainer-box-d13373962.htm,1799.0,CZK,74.5,8.28,1,https://image.alza.cz/products/HRAls21419/HRAls21419.jpg?width=230&height=230
2026-08-30,alza-cz,pitch-black,etb,9,Pokémon TCG: ME05 Pitch Black - Elite Trainer Box,https://www.alza.cz/hracky/pokemon-tcg-me05-pitch-black-elite-trainer-box-d13465378.htm,1899.0,CZK,78.64,8.74,0,https://image.alza.cz/products/HRAls22454/HRAls22454.jpg?width=230&height=230
2026-08-30,alza-cz,perfect-order,etb,9,Pokémon TCG: ME03 Perfect Order - Elite Trainer Box,https://www.alza.cz/hracky/pokemon-tcg-me03-perfect-order-elite-trainer-box-d13221718.htm,2299.0,CZK,95.2,10.58,0,https://image.alza.cz/products/HRAls19400/HRAls19400.jpg?width=230&height=230
2026-08-30,alza-sk,pitch-black,booster,1,Pokémon TCG: ME05 Pitch Black - Booster,https://www.alza.sk/hracky/pokemon-tcg-me05-pitch-black-booster-d13465380.htm,5.89,EUR,5.89,5.89,1,https://image.alza.cz/products/HRAls22453/HRAls22453.jpg?width=230&height=230
2026-08-30,alza-sk,chaos-rising,bundle,6,Pokémon TCG: ME04 Chaos Rising - Booster Bundle,https://www.alza.sk/hracky/pokemon-tcg-me04-chaos-rising-booster-bundle-d13373964.htm,39.9,EUR,39.9,6.65,1,https://image.alza.cz/products/HRAls21420/HRAls21420.jpg?width=230&height=230
2026-08-30,alza-sk,chaos-rising,booster,1,Pokémon TCG: ME04 Chaos Rising – Booster,https://www.alza.sk/hracky/pokemon-tcg-me04-chaos-rising-booster-d13373961.htm,5.99,EUR,5.99,5.99,1,https://image.alza.cz/products/HRAls21418/HRAls21418.jpg?width=230&height=230
2026-08-30,alza-sk,ascended-heroes,bundle,6,Pokémon TCG: ME02.5 Ascended Heroes - Booster Bundle,https://www.alza.sk/hracky/pokemon-tcg-me02-5-ascended-heroes-booster-bundle-d13341019.htm,69.9,EUR,69.9,11.65,0,https://image.alza.cz/products/HRAls21109/HRAls21109.jpg?width=230&height=230
2026-08-30,alza-sk,pitch-black,bundle,6,Pokémon TCG: ME05 Pitch Black – Booster Bundle,https://www.alza.sk/hracky/pokemon-tcg-me05-pitch-black-booster-bundle-d13465379.htm,38.9,EUR,38.9,6.48,0,https://image.alza.cz/products/HRAls22455/HRAls22455.jpg?width=230&height=230
2026-08-30,alza-sk,perfect-order,booster,1,Pokémon TCG: ME03 Perfect Order – Booster,https://www.alza.sk/hracky/pokemon-tcg-me03-perfect-order-booster-d13221714.htm,5.9,EUR,5.9,5.9,0,https://image.alza.cz/products/HRAls19399/HRAls19399.jpg?width=230&height=230
2026-08-30,alza-sk,perfect-order,bundle,6,Pokémon TCG: ME03 Perfect Order – Booster Bundle,https://www.alza.sk/hracky/pokemon-tcg-me03-perfect-order-booster-bundle-d13221715.htm,35.9,EUR,35.9,5.98,0,https://image.alza.cz/products/HRAls19401/HRAls19401.jpg?width=230&height=230
2026-08-30,alza-sk,chaos-rising,etb,9,Pokémon TCG: ME04 Chaos Rising - Elite Trainer Box,https://www.alza.sk/hracky/pokemon-tcg-me04-chaos-rising-elite-trainer-box-d13373962.htm,75.9,EUR,75.9,8.43,1,https://image.alza.cz/products/HRAls21419/HRAls21419.jpg?width=230&height=230
2026-08-30,alza-sk,pitch-black,etb,9,Pokémon TCG: ME05 Pitch Black - Elite Trainer Box,https://www.alza.sk/hracky/pokemon-tcg-me05-pitch-black-elite-trainer-box-d13465378.htm,74.9,EUR,74.9,8.32,0,https://image.alza.cz/products/HRAls22454/HRAls22454.jpg?width=230&height=230
2026-08-30,alza-sk,perfect-order,etb,9,Pokémon TCG: ME03 Perfect Order – Elite Trainer Box,https://www.alza.sk/hracky/pokemon-tcg-me03-perfect-order-elite-trainer-box-d13221718.htm,96.01,EUR,96.01,10.67,0,https://image.alza.cz/products/HRAls19400/HRAls19400.jpg?width=230&height=230
2026-08-30,tcg4you-cz,ascended-heroes,booster,1,Pokémon TCG: ME02.5 Ascended Heroes - Booster,https://www.tcg4you.cz/pokemon-tcg--me02-5-ascended-heroes-booster/,289.0,CZK,11.97,11.97,1,https://cdn.myshoptet.com/usr/www.tcg4you.cz/user/shop/big/174_asc-boosteros.webp?ff=1&x=1024&y=768&q=85&ts=6a44ebfb&sg=161563f2
2026-08-30,tcg4you-cz,pitch-black,bundle,6,Pokémon TCG: ME05 Pitch Black - Booster Bundle,https://www.tcg4you.cz/pokemon-tcg--me05-pitch-black-booster-bundle/,999.0,CZK,41.37,6.89,1,https://cdn.myshoptet.com/usr/www.tcg4you.cz/user/shop/big/414_pitch-bundle.webp?ff=1&x=1024&y=768&q=85&ts=6a5fca75&sg=161563f2
2026-08-30,tcg4you-cz,chaos-rising,bundle,6,Pokémon TCG: ME04 Chaos Rising - Booster Bundle,https://www.tcg4you.cz/pokemon-tcg--me04-chaos-rising-booster-bundle/,999.0,CZK,41.37,6.89,1,https://cdn.myshoptet.com/usr/www.tcg4you.cz/user/shop/big/113_chaos-bundle.webp?ff=1&x=1024&y=768&q=85&ts=6a159529&sg=161563f2
2026-08-30,tcg4you-cz,ascended-heroes,bundle,6,Pokémon TCG: ME02.5 Ascended Heroes - Booster Bundle,https://www.tcg4you.cz/pokemon-tcg--me02-5-ascended-heroes-booster-bundle/,1999.0,CZK,82.78,13.8,0,https://cdn.myshoptet.com/usr/www.tcg4you.cz/user/shop/big/69_asc-bundle.png?ff=1&x=1024&y=768&q=85&ts=69ebb188&sg=161563f2
2026-08-30,tcg4you-cz,pitch-black,etb,9,Pokémon TCG: ME05 Pitch Black - Elite Trainer Box,https://www.tcg4you.cz/pokemon-tcg--me05-pitch-black-elite-trainer-box/,1999.0,CZK,82.78,9.2,1,https://cdn.myshoptet.com/usr/www.tcg4you.cz/user/shop/big/402_pitch-etb-1.webp?ff=1&x=1024&y=768&q=85&ts=6a5fbc76&sg=161563f2
2026-08-30,tcg4you-cz,chaos-rising,etb,9,Pokémon TCG: ME04 Chaos Rising - Elite Trainer Box,https://www.tcg4you.cz/pokemon-tcg--me04-chaos-rising-elite-trainer-box/,1999.0,CZK,82.78,9.2,1,https://cdn.myshoptet.com/usr/www.tcg4you.cz/user/shop/big/98_chaos-rising.png?ff=1&x=1024&y=768&q=85&ts=6a157d66&sg=161563f2
2026-08-30,tcg4you-cz,perfect-order,etb,9,Pokémon TCG: ME03 Perfect Order - Elite Trainer Box,https://www.tcg4you.cz/pokemon-tcg--me03-perfect-order-elite-trainer-box/,1899.0,CZK,78.64,8.74,1,https://cdn.myshoptet.com/usr/www.tcg4you.cz/user/shop/big/450_perfect-etb.jpg?ff=1&x=1024&y=768&q=85&ts=6a6f3059&sg=161563f2
2026-08-30,tcg4you-cz,ascended-heroes,etb,9,Pokémon TCG: ME02.5 Ascended Heroes - Elite Trainer Box,https://www.tcg4you.cz/pokemon-tcg--me02-5-ascended-heroes-elite-trainer-box/,4099.0,CZK,169.74,18.86,1,https://cdn.myshoptet.com/usr/www.tcg4you.cz/user/shop/big/198_hrals19392.png?ff=1&x=1024&y=768&q=85&ts=6a47ca01&sg=161563f2
2026-08-30,tcg4you-cz,prismatic-evolutions,etb,9,Pokémon TCG: SV8.5 Prismatic Evolutions - Elite Trainer Box,https://www.tcg4you.cz/pokemon-tcg--sv8-5-prismatic-evolutions-elite-trainer-box/,4299.0,CZK,178.02,19.78,1,https://cdn.myshoptet.com/usr/www.tcg4you.cz/user/shop/big/303_prismatic-evolution-etb.webp?ff=1&x=1024&y=768&q=85&ts=6a4e43bd&sg=161563f2
2026-08-30,tcg4you-cz,perfect-order,booster-box,36,Pokémon TCG: ME03 Perfect Order - Booster box,https://www.tcg4you.cz/pokemon-tcg--me03-perfect-order-booster-box/,4999.0,CZK,207.01,5.75,1,https://cdn.myshoptet.com/usr/www.tcg4you.cz/user/shop/big/495_perfect-booster-box.png?ff=1&x=1024&y=768&q=85&ts=6a90748c&sg=161563f2
2026-08-30,tcg4you-cz,chaos-rising,booster-box,36,Pokémon TCG: ME04 Chaos Rising - Booster Box,https://www.tcg4you.cz/pokemon-tcg--me04-chaos-rising-booster-box/,4999.0,CZK,207.01,5.75,1,https://cdn.myshoptet.com/usr/www.tcg4you.cz/user/shop/big/492_caa.webp?ff=1&x=1024&y=768&q=85&ts=6a904baa&sg=161563f2
2026-08-30,cardempire-sk,perfect-order,booster-box,36,Pokémon TCG - Perfect Order - Booster Box,https://www.cardempire.sk/en/pokemon-tcg-perfect-order-booster-box/,200.0,EUR,200.0,5.56,1,https://cdn.myshoptet.com/usr/www.cardempire.sk/user/shop/big/16700_untitled-design--60.png?ff=1&x=1024&y=768&q=85&ts=699a28b8&sg=161563f2
2026-08-30,cardempire-sk,pitch-black,bundle,6,Pokémon TCG - Pitch Black - Booster Bundle,https://www.cardempire.sk/en/pokemon-tcg-pitch-black-booster-bundle/,45.0,EUR,45.0,7.5,1,https://cdn.myshoptet.com/usr/www.cardempire.sk/user/shop/big/19935_20-cards--40.png?ff=1&x=1024&y=768&q=85&ts=6a42e276&sg=161563f2
2026-08-30,cardempire-sk,chaos-rising,bundle,6,Pokémon TCG - Chaos Rising - Booster Bundle,https://www.cardempire.sk/en/pokemon-tcg-chaos-rising-booster-bundle/,40.0,EUR,40.0,6.67,1,https://cdn.myshoptet.com/usr/www.cardempire.sk/user/shop/big/17958_upozornenie--10.png?ff=1&x=1024&y=768&q=85&ts=69d94af6&sg=161563f2
2026-08-30,cardempire-sk,prismatic-evolutions,bundle,6,Pokémon TCG - Prismatic Evolution - Booster Bundle,https://www.cardempire.sk/en/pokemon-tcg-prismatic-evolution-booster-bundle/,110.0,EUR,110.0,18.33,1,https://cdn.myshoptet.com/usr/www.cardempire.sk/user/shop/big/4992_dizajn-bez-nazvu-2024-11-17t182433-084.png?ff=1&x=1024&y=768&q=85&ts=673a273a&sg=161563f2
2026-08-30,cardempire-sk,ascended-heroes,bundle,6,Pokémon TCG - Ascended Heroes - Booster Bundle,https://www.cardempire.sk/en/pokemon-tcg-ascended-heroes-booster-bundle/,110.0,EUR,110.0,18.33,1,https://cdn.myshoptet.com/usr/www.cardempire.sk/user/shop/big/17955_upozornenie--9.png?ff=1&x=1024&y=768&q=85&ts=69d94939&sg=161563f2
2026-08-30,cardempire-sk,pitch-black,etb,9,Pokémon TCG - Mega Evolution - Pitch Black - Elite Trainer Box,https://www.cardempire.sk/en/pokemon-tcg-mega-evolution-pitch-black-elite-trainer-box/,80.0,EUR,80.0,8.89,1,https://cdn.myshoptet.com/usr/www.cardempire.sk/user/shop/big/18420_pitch-black-etb.png?ff=1&x=1024&y=768&q=85&ts=69ff4619&sg=161563f2
2026-08-30,cardempire-sk,chaos-rising,etb,9,Pokémon TCG - Mega Evolution - Chaos Rising - Elite Trainer Box,https://www.cardempire.sk/en/pokemon-tcg-mega-evolution-chaos-rising-elite-trainer-box/,80.0,EUR,80.0,8.89,1,https://cdn.myshoptet.com/usr/www.cardempire.sk/user/shop/big/17436_6x--19.png?ff=1&x=1024&y=768&q=85&ts=69c198b5&sg=161563f2
2026-08-30,cardempire-sk,perfect-order,etb,9,Pokémon TCG - Perfect Order - Elite Trainer Box,https://www.cardempire.sk/en/pokemon-tcg-perfect-order-elite-trainer-box/,80.0,EUR,80.0,8.89,1,https://cdn.myshoptet.com/usr/www.cardempire.sk/user/shop/big/16706_untitled-design--61.png?ff=1&x=1024&y=768&q=85&ts=699a2a48&sg=161563f2
2026-08-30,cardempire-sk,30th-celebration,etb,10,Pokémon TCG - 30th Anniversary Celebrations - Elite Trainer Box,https://www.cardempire.sk/en/pokemon-tcg-30th-anniversary-celebrations-elite-trainer-box/,300.0,EUR,300.0,30.0,1,https://cdn.myshoptet.com/usr/www.cardempire.sk/user/shop/big/19992_20-cards--5.png?ff=1&x=1024&y=768&q=85&ts=6a453034&sg=161563f2
2026-08-30,cardempire-sk,ascended-heroes,etb,9,Pokemon TCG - Ascended Heroes - Elite Trainer Box,https://www.cardempire.sk/en/pokemon-tcg-ascended-heroes-elite-trainer-box/,200.0,EUR,200.0,22.22,1,https://cdn.myshoptet.com/usr/www.cardempire.sk/user/shop/big/14708_untitled-design-2025-11-22t190146-082.png?ff=1&x=1024&y=768&q=85&ts=696a7508&sg=161563f2
2026-08-30,cardempire-sk,prismatic-evolutions,etb,9,Pokémon TCG - Prismatic Evolutions - Elite Trainer Box,https://www.cardempire.sk/en/pokemon-tcg-prismatic-evolution/,230.0,EUR,230.0,25.56,1,https://cdn.myshoptet.com/usr/www.cardempire.sk/user/shop/big/4917_dizajn-bez-nazvu--44.png?ff=1&x=1024&y=768&q=85&ts=6730767e&sg=161563f2
2026-08-30,cardempire-sk,30th-celebration,booster,1,Pokémon TCG: 30th Celebration Booster Pack,https://www.cardempire.sk/en/pokemon-tcg--30th-celebration-booster-pack/,15.0,EUR,15.0,15.0,1,https://cdn.myshoptet.com/usr/www.cardempire.sk/user/shop/big/20883_20-cards--58.png?ff=1&x=1024&y=768&q=85&ts=6a79ca99&sg=161563f2
2026-08-30,cardempire-sk,prismatic-evolutions,booster,1,Pokémon TCG - Prismatic Evolutions - Booster Pack,https://www.cardempire.sk/en/pokemon-tcg-prismatic-evolution-booster-pack/,16.0,EUR,16.0,16.0,1,https://cdn.myshoptet.com/usr/www.cardempire.sk/user/shop/big/4920_dizajn-bez-nazvu--45.png?ff=1&x=1024&y=768&q=85&ts=673078b5&sg=161563f2
2026-08-30,cardempire-sk,ascended-heroes,booster,1,Pokémon TCG - Mega Evolution - Ascended Heroes Booster,https://www.cardempire.sk/en/mega-evolution-ascended-heroes-booster/,16.0,EUR,16.0,16.0,1,https://cdn.myshoptet.com/usr/www.cardempire.sk/user/shop/big/15695_asc.jpg?ff=1&x=1024&y=768&q=85&ts=6980812b&sg=161563f2
2026-08-30,cardempire-sk,chaos-rising,booster,1,Pokémon TCG - Mega Evolution - Chaos Rising - Booster Pack,https://www.cardempire.sk/en/pokemon-tcg-mega-evolution-chaos-rising-booster-pack/,6.0,EUR,6.0,6.0,1,https://cdn.myshoptet.com/usr/www.cardempire.sk/user/shop/big/18623_upper-deck-premier-2024-25-hockey-hobby-box--4.png?ff=1&x=1024&y=768&q=85&ts=6a03c3c8&sg=161563f2
2026-08-30,cardempire-sk,perfect-order,booster,1,Pokémon TCG - Perfect Order - Booster Pack,https://www.cardempire.sk/en/pokemon-tcg-perfect-order-booster-pack/,6.0,EUR,6.0,6.0,1,https://cdn.myshoptet.com/usr/www.cardempire.sk/user/shop/big/17640_perfect-order-booster.png?ff=1&x=1024&y=768&q=85&ts=69c7c118&sg=161563f2
2026-08-30,ccplanet-sk,prismatic-evolutions,booster,1,Pokémon - Prismatic Evolutions Booster,https://www.ccplanet.sk/pokemon-prismatic-evolutions-booster/,21.9,EUR,21.9,21.9,1,https://cdn.myshoptet.com/usr/www.ccplanet.sk/user/shop/big/18075_085331ff8ebdb4a23f350f5e9aabc689.png?ff=1&x=1024&y=768&q=85&ts=6a6c59ba&sg=161563f2
2026-08-30,ccplanet-sk,pitch-black,booster,1,Pokémon TCG Pitch Black Booster,https://www.ccplanet.sk/pokemon-tcg-pitch-black-booster/,6.49,EUR,6.49,6.49,1,https://cdn.myshoptet.com/usr/www.ccplanet.sk/user/shop/big/17970_014caeba-5f31-4ed1-b613-cb169eba1501.jpg?ff=1&x=1024&y=768&q=85&ts=6a5876da&sg=161563f2
2026-08-30,ccplanet-sk,ascended-heroes,bundle,6,Pokémon TCG: Ascended Heroes Booster Bundle,https://www.ccplanet.sk/pokemon-tcg--ascended-heroes-booster-bundle/,104.9,EUR,104.9,17.48,1,https://cdn.myshoptet.com/usr/www.ccplanet.sk/user/shop/big/16995_pokemon-tcg--ascended-heroes-booster-bundle.png?ff=1&x=1024&y=768&q=85&ts=6a317b2b&sg=161563f2
2026-08-30,ccplanet-sk,chaos-rising,booster,1,Pokémon TCG Chaos Rising Booster,https://www.ccplanet.sk/pokemon-tcg-chaos-rising-booster/,6.49,EUR,6.49,6.49,0,https://cdn.myshoptet.com/usr/www.ccplanet.sk/user/shop/big/16240_ffb7b576-dfa6-402c-a708-360625d1f533.jpg?ff=1&x=1024&y=768&q=85&ts=6a0c52b6&sg=161563f2
2026-08-30,ccplanet-sk,chaos-rising,bundle,6,Pokémon TCG: ME04 Chaos Rising - Booster Bundle,https://www.ccplanet.sk/pokemon-tcg--me04-chaos-rising-booster-bundle/,69.0,EUR,69.0,11.5,1,https://cdn.myshoptet.com/usr/www.ccplanet.sk/user/shop/big/16237_pokemon-tcg--me04-chaos-rising-booster-bundle.jpg?ff=1&x=1024&y=768&q=85&ts=6a0c5097&sg=161563f2
2026-08-30,ccplanet-sk,perfect-order,booster,1,Pokémon: Perfect Order Booster Pack,https://www.ccplanet.sk/pokemon--perfect-order-booster-pack/,6.75,EUR,6.75,6.75,1,https://cdn.myshoptet.com/usr/www.ccplanet.sk/user/shop/big/15067_pokemon-tcg-me03-perfect-order-booster-1200x800.jpg?ff=1&x=1024&y=768&q=85&ts=69c4f9dc&sg=161563f2
2026-08-30,ccplanet-sk,ascended-heroes,booster,1,Pokémon TCG: Mega Evolution - Ascended Heroes - Booster,https://www.ccplanet.sk/pokemon-tcg--mega-evolution-ascended-heroes-booster/,17.9,EUR,17.9,17.9,1,https://cdn.myshoptet.com/usr/www.ccplanet.sk/user/shop/big/14334_snimka-obrazovky-2026-03-03-090721.png?ff=1&x=1024&y=768&q=85&ts=69a69714&sg=161563f2
2026-08-30,ccplanet-sk,perfect-order,booster-box,36,Pokémon TCG Perfect Order Booster Box,https://www.ccplanet.sk/pokemon-tcg-perfect-order-booster-box/,229.0,EUR,229.0,6.36,1,https://cdn.myshoptet.com/usr/www.ccplanet.sk/user/shop/big/15070_37c72bcc-497d-4164-aa0d-86ae3c382bec.jpg?ff=1&x=1024&y=768&q=85&ts=69c4fb4b&sg=161563f2
2026-08-30,ccplanet-sk,prismatic-evolutions,bundle,6,Pokémon TCG Prismatic Evolutions Booster Bundle,https://www.ccplanet.sk/pokemon-tcg-prismatic-evolutions-booster-bundle/,129.0,EUR,129.0,21.5,1,https://cdn.myshoptet.com/usr/www.ccplanet.sk/user/shop/big/6949-1_pokemon-tcg-scarlet-and-violet-prismatic-evolutions-booster-bundle--2.png?ff=1&x=1024&y=768&q=85&ts=674d9927&sg=161563f2
2026-08-30,ccplanet-sk,30th-celebration,etb,10,Pokémon TCG - 30th Anniversary Celebrations - Elite Trainer Box,https://www.ccplanet.sk/pokemon-tcg-30th-anniversary-celebrations-elite-trainer-box/,249.0,EUR,249.0,24.9,0,https://cdn.myshoptet.com/usr/www.ccplanet.sk/user/shop/big/18258_30th-celebration-elite-trainer-box.jpg?ff=1&x=1024&y=768&q=85&ts=6a84281e&sg=161563f2
2026-08-30,ccplanet-sk,pitch-black,etb,9,Pokémon TCG: Pitch Black Elite Trainer Box,https://www.ccplanet.sk/pokemon-tcg--pitch-black-elite-trainer-box/,89.5,EUR,89.5,9.94,1,https://cdn.myshoptet.com/usr/www.ccplanet.sk/user/shop/big/17973_6c252919-70a3-4532-8939-b5896cbe1aa0.jpg?ff=1&x=1024&y=768&q=85&ts=6a587ca3&sg=161563f2
2026-08-30,ccplanet-sk,chaos-rising,etb,9,Pokémon TCG - Mega Evolution - Chaos Rising - Elite Trainer Box,https://www.ccplanet.sk/pokemon-tcg-mega-evolution-chaos-rising-elite-trainer-box/,100.5,EUR,100.5,11.17,1,https://cdn.myshoptet.com/usr/www.ccplanet.sk/user/shop/big/16234_pokemon-tcg-mega-evolution-chaos-rising-elite-trainer-box.jpg?ff=1&x=1024&y=768&q=85&ts=6a0c4f54&sg=161563f2
2026-08-30,ccplanet-sk,perfect-order,etb,9,Pokémon TCG: Perfect Order Elite Trainer Box,https://www.ccplanet.sk/pokemon-tcg--perfect-order-elite-trainer-box/,88.0,EUR,88.0,9.78,1,https://cdn.myshoptet.com/usr/www.ccplanet.sk/user/shop/big/15064_d604ce79-f61c-46fc-b3fa-92bb0084c5f0.jpg?ff=1&x=1024&y=768&q=85&ts=69c4f916&sg=161563f2
2026-08-30,ccplanet-sk,ascended-heroes,etb,9,Pokémon TCG: Ascended Heroes Elite Trainer box Dragonite,https://www.ccplanet.sk/pokemon-tcg--ascended-heroes-elite-trainer-box-dragonite/,204.9,EUR,204.9,22.77,1,https://cdn.myshoptet.com/usr/www.ccplanet.sk/user/shop/big/13750-2_snimka-obrazovky-2026-02-13-084916.png?ff=1&x=1024&y=768&q=85&ts=698ed80a&sg=161563f2
2026-08-30,ccplanet-sk,prismatic-evolutions,etb,9,Pokémon Prismatic Evolutions Elite Trainer Box,https://www.ccplanet.sk/pokemon-prismatic-evolutions-elite-trainer-box/,185.0,EUR,185.0,20.56,0,https://cdn.myshoptet.com/usr/www.ccplanet.sk/user/shop/big/6523-1_snimka-obrazovky-13-11-2024-113117-www-cardempire-sk.jpg?ff=1&x=1024&y=768&q=85&ts=673480c0&sg=161563f2
2026-08-30,64ka-sk,ascended-heroes,bundle,6,Pokémon TCG: ME02.5 Ascended Heroes - Booster Bundle,https://www.64ka.sk/products/pokemon-tcg-me02-5-ascended-heroes-booster-bundle,89.99,EUR,89.99,15.0,1,https://cdn.shopify.com/s/files/1/0984/2776/5078/files/shopping.webp?v=1783966376
2026-08-30,64ka-sk,prismatic-evolutions,bundle,6,Pokémon TCG Prismatic Evolutions Booster Bundle,https://www.64ka.sk/products/pokemon-tcg-prismatic-evolutions-booster-bundle,107.99,EUR,107.99,18.0,0,https://cdn.shopify.com/s/files/1/0984/2776/5078/files/29eb0751-2091-4dab-abc4-72d2ba5e80ac.avif?v=1784018871
2026-08-30,64ka-sk,pitch-black,bundle,6,Pokémon: Pitch Black Booster Bundle,https://www.64ka.sk/products/pokemon-pitch-black-booster-bundle,42.99,EUR,42.99,7.17,0,https://cdn.shopify.com/s/files/1/0984/2776/5078/files/a1145cd0375aa0db08a422d9026ca547.webp?v=1783660724
2026-08-30,64ka-sk,ascended-heroes,etb,9,Pokémon TCG Ascended Heroes Elite Trainer box Dragonite,https://www.64ka.sk/products/pokemon-tcg-mega-evolution-ascended-heroes-elite-trainer-box,179.99,EUR,179.99,20.0,1,https://cdn.shopify.com/s/files/1/0984/2776/5078/files/14708_untitled-design-2025-11-22t190146-082.webp?v=1783872032
2026-08-30,64ka-sk,pitch-black,booster,1,Pokémon TCG : Pitch Black booster balíček,https://www.64ka.sk/products/pokemon-tcg-pitch-black-booster-balicek,8.49,EUR,8.49,8.49,0,https://cdn.shopify.com/s/files/1/0984/2776/5078/files/CBE4C1CE-2F90-4C2E-AE6D-6D40B5945D74.webp?v=1783631073
2026-08-30,64ka-sk,chaos-rising,booster-box,36,Pokémon TCG: Mega Evolution Chaos Rising Booster Box,https://www.64ka.sk/products/pokemon-tcg-mega-evolution-chaos-rising-booster-box,249.99,EUR,249.99,6.94,0,https://cdn.shopify.com/s/files/1/0984/2776/5078/files/chaos.webp?v=1783068476
2026-08-30,64ka-sk,pitch-black,etb,9,Pokémon: Pitch Black Elite Trainer box Mega Darkrai ex,https://www.64ka.sk/products/pokemon-pitch-black-elite-trainer-box-mega-darkrai-ex,74.99,EUR,74.99,8.33,0,https://cdn.shopify.com/s/files/1/0984/2776/5078/files/6f76eae503bfd827267775e3187fe1d5.webp?v=1783660837
2026-08-30,64ka-sk,perfect-order,etb,9,Pokémon: Perfect Order Elite Trainer Box,https://www.64ka.sk/products/pokemon-perfect-order-elite-trainer-box,79.99,EUR,79.99,8.89,0,https://cdn.shopify.com/s/files/1/0984/2776/5078/files/perfectorder_1b98308e-373d-4448-b44a-c2b747e6e30f.webp?v=1783076769
2026-08-30,64ka-sk,perfect-order,booster-box,36,Pokémon: Perfect Order Booster Box,https://www.64ka.sk/products/pokemon-perfect-order-booster-box,219.99,EUR,219.99,6.11,0,https://cdn.shopify.com/s/files/1/0984/2776/5078/files/perfectorder.webp?v=1783073008
2026-08-30,64ka-sk,chaos-rising,etb,9,Pokémon: Chaos Rising Elite Trainer box,https://www.64ka.sk/products/pokemon-chaos-rising-elite-trainer-box,89.99,EUR,89.99,10.0,0,https://cdn.shopify.com/s/files/1/0984/2776/5078/files/chaosrisi.webp?v=1783076303
2026-08-30,64ka-sk,prismatic-evolutions,etb,9,Pokémon TCG Prismatic Evolutions Elite Trainer Box,https://www.64ka.sk/products/pokemon-tcg-prismatic-evolutions-elite-trainer-box,194.99,EUR,194.99,21.67,0,https://cdn.shopify.com/s/files/1/0984/2776/5078/files/196214105133-1-1.webp?v=1786624242
2026-08-30,pokectcg-cz,ascended-heroes,etb,9,Pokémon TCG: Ascended Heroes Elite Trainer Box,https://pokectcg.cz/shop/pokemon-tcg-ascended-heroes-elite-trainer-box/,2200.0,CZK,91.1,10.12,0,https://pokectcg.cz/wp-content/uploads/2026/02/ascended-heroes-elite-trainer-box-box.png
2026-08-30,pokectcg-cz,chaos-rising,etb,9,Pokémon TCG: Chaos Rising Elite Trainer Box,https://pokectcg.cz/shop/pokemon-tcg-chaos-rising-elite-trainer-box/,1799.0,CZK,74.5,8.28,1,https://pokectcg.cz/wp-content/uploads/2026/08/obrazek_2026-08-19_182010974.png
2026-08-30,pokectcg-cz,prismatic-evolutions,bundle,6,Pokémon TCG: Prismatic Evolutions Booster Bundle,https://pokectcg.cz/shop/pokemon-tcg-prismatic-evolutions-booster-bundle/,1550.0,CZK,64.19,10.7,0,https://pokectcg.cz/wp-content/uploads/2025/12/prismatic-evolutions-booster-bundle.png
2026-08-30,pokectcg-cz,prismatic-evolutions,booster,1,Pokémon TCG: Prismatic Evolutions Booster Pack,https://pokectcg.cz/shop/pokemon-tcg-prismatic-evolutions-booster-pack/,239.0,CZK,9.9,9.9,0,https://pokectcg.cz/wp-content/uploads/2026/01/prismatic-evolutions-booster-pack-anglicky.png
2026-08-30,pokectcg-cz,prismatic-evolutions,etb,9,Pokémon TCG: Prismatic Evolutions Elite Trainer Box,https://pokectcg.cz/shop/pokemon-tcg-prismatic-evolutions-elite-trainer-box/,4699.0,CZK,194.59,21.62,1,https://pokectcg.cz/wp-content/uploads/2026/08/obrazek_2026-08-18_154358114.png
2026-08-30,pokelio-cz,ascended-heroes,booster,1,Pokémon TCG: Ascended Heroes – Booster Pack (EN),https://pokelio.cz/product/pokemon-tcg-ascended-heroes-booster-pack-en/,369.0,CZK,15.28,15.28,0,https://pokelio.cz/wp-content/uploads/2026/02/Ascended-Heroes-booster-pack-450x450.jpg
2026-08-30,pokelio-cz,prismatic-evolutions,bundle,6,Pokémon TCG: Prismatic Evolutions – Booster Bundle (EN),https://pokelio.cz/product/pokemon-tcg-scarlet-violet-prismatic-evolutions-booster-bundle/,3999.0,CZK,165.6,27.6,0,https://pokelio.cz/wp-content/uploads/2026/02/Prismatic-evolutions-booster-bundle-450x450.jpg
2026-08-30,pokelio-cz,perfect-order,booster,1,Pokémon TCG: Perfect Order – Booster Pack (EN),https://pokelio.cz/product/pokemon-tcg-perfect-order-booster-pack-en/,149.0,CZK,6.17,6.17,0,https://pokelio.cz/wp-content/uploads/2026/04/Perfect-Order-Booster-pack-450x450.jpg
2026-08-30,pokelio-cz,prismatic-evolutions,booster,1,Pokémon TCG: Prismatic Evolutions – Booster Pack (EN),https://pokelio.cz/product/pokemon-tcg-prismatic-evolutions-booster-pack-en/,499.0,CZK,20.66,20.66,1,https://pokelio.cz/wp-content/uploads/2026/02/Prismatic-evolutions-booster-pack1-450x450.jpg
2026-08-30,pokelio-cz,perfect-order,booster-box,36,Pokémon TCG: Perfect Order – Booster Box (EN),https://pokelio.cz/product/pokemon-tcg-perfect-order-booster-box-en/,4999.0,CZK,207.01,5.75,0,https://pokelio.cz/wp-content/uploads/2026/04/Perfect-Order-Booster-Box-450x450.jpg
2026-08-30,pokelio-cz,ascended-heroes,etb,9,Pokémon TCG: Ascended Heroes – Elite Trainer Box (EN),https://pokelio.cz/product/pokemon-tcg-ascended-heroes-elite-trainer-box-en/,5999.0,CZK,248.42,27.6,1,https://pokelio.cz/wp-content/uploads/2026/02/Ascended-Heroes-ETB-450x450.png
2026-08-30,pokelio-cz,perfect-order,etb,9,Pokémon TCG: Perfect Order – Elite Trainer Box (EN),https://pokelio.cz/product/pokemon-tcg-perfect-order-elite-trainer-box-en/,2490.0,CZK,103.11,11.46,0,https://pokelio.cz/wp-content/uploads/2026/04/Perfect-Order-ETB-450x450.jpg
2026-08-30,pokelio-cz,prismatic-evolutions,etb,9,Pokémon TCG: Prismatic Evolutions – Elite Trainer Box (EN),https://pokelio.cz/product/pokemon-tcg-prismatic-evolutions-elite-trainer-box-en/,9999.0,CZK,414.06,46.01,0,https://pokelio.cz/wp-content/uploads/2026/02/Prismatic-evolutions-ETB-450x450.png
2026-08-30,pokelio-cz,ascended-heroes,bundle,6,Pokémon TCG: Ascended Heroes – Booster Bundle (EN),https://pokelio.cz/product/pokemon-tcg-ascended-heroes-booster-bundle-en/,2599.0,CZK,107.62,17.94,1,https://pokelio.cz/wp-content/uploads/2026/04/Ascended-Heroes-booster-bundle-450x450.jpg
2026-08-30,pokelio-cz,perfect-order,bundle,6,Pokémon TCG: Perfect Order – Booster Bundle (EN),https://pokelio.cz/product/pokemon-tcg-perfect-order-booster-bundle-en/,1490.0,CZK,61.7,10.28,0,https://pokelio.cz/wp-content/uploads/2026/04/Perfect-Order-Bundle-450x450.jpg
2026-08-30,geekhall-cz,pitch-black,etb,9,Pokémon TCG: Mega Evolution Pitch Black - Elite Trainer Box,https://geekhall.cz/produkt/pokemon-tcg-mega-evolution-pitch-black-elite-trainer-box/,1999.0,CZK,82.78,9.2,1,https://geekhall.cz/wp-content/uploads/2026/07/Pitch-Black-ETB-1.png
2026-08-30,geekhall-cz,pitch-black,bundle,6,Pokémon TCG: Mega Evolution Pitch Black - Booster Bundle,https://geekhall.cz/produkt/pokemon-tcg-mega-evolution-pitch-black-booster-bundle/,1099.0,CZK,45.51,7.58,1,https://geekhall.cz/wp-content/uploads/2026/07/Pitch-Black-Booster-bundle.png
2026-08-30,geekhall-cz,pitch-black,booster,1,Pokémon TCG: Mega Evolution Pitch Black - Booster,https://geekhall.cz/produkt/pokemon-tcg-mega-evolution-pitch-black-booster/,159.0,CZK,6.58,6.58,1,https://geekhall.cz/wp-content/uploads/2026/06/Pitch-black-booster.png
2026-08-30,geekhall-cz,pitch-black,booster-box,36,Pokémon TCG: Mega Evolution Pitch Black - Booster Box,https://geekhall.cz/produkt/pokemon-tcg-mega-evolution-pitch-black-booster-box/,5099.0,CZK,211.15,5.87,1,https://geekhall.cz/wp-content/uploads/2026/06/Pitch-Black-Booster-Box.png
2026-08-30,geekhall-cz,chaos-rising,bundle,6,Pokémon TCG: Mega Evolution Chaos Rising - Booster Bundle,https://geekhall.cz/produkt/pokemon-tcg-mega-evolution-chaos-rising-booster-bundle/,999.0,CZK,41.37,6.89,1,https://geekhall.cz/wp-content/uploads/2026/05/Chaos-rising-booster-bundle.png
2026-08-30,geekhall-cz,chaos-rising,booster-box,36,Pokémon TCG: Mega Evolution Chaos Rising - Booster Box,https://geekhall.cz/produkt/pokemon-tcg-mega-evolution-chaos-rising-booster-box/,5099.0,CZK,211.15,5.87,1,https://geekhall.cz/wp-content/uploads/2026/05/Chaos-rising-1.png
2026-08-30,geekhall-cz,chaos-rising,etb,9,Pokémon TCG: Mega Evolution Chaos Rising - Elite Trainer Box,https://geekhall.cz/produkt/pokemon-tcg-mega-evolution-chaos-rising-elite-trainer-box/,1999.0,CZK,82.78,9.2,1,https://geekhall.cz/wp-content/uploads/2026/05/Chaos-rising-etb.png
2026-08-30,geekhall-cz,chaos-rising,booster,1,Pokémon TCG: Mega Evolution Chaos Rising - Booster,https://geekhall.cz/produkt/pokemon-tcg-mega-evolution-chaos-rising-booster/,159.0,CZK,6.58,6.58,1,https://geekhall.cz/wp-content/uploads/2026/05/Chaos-booster.png
2026-08-30,geekhall-cz,ascended-heroes,bundle,6,Pokémon TCG: Mega Evolution Ascended Heroes - Booster Bundle,https://geekhall.cz/produkt/pokemon-tcg-mega-evolution-ascended-heroes-booster-bundle/,2299.0,CZK,95.2,15.87,1,https://geekhall.cz/wp-content/uploads/2026/04/Booster-bundle-1.png
2026-08-30,geekhall-cz,perfect-order,bundle,6,Pokémon TCG: Mega Evolution Perfect Order - Booster Bundle,https://geekhall.cz/produkt/pokemon-tcg-mega-evolution-perfect-order-booster-bundle/,1199.0,CZK,49.65,8.28,1,https://geekhall.cz/wp-content/uploads/2026/04/Booster-bundle.png
2026-08-30,geekhall-cz,perfect-order,etb,9,Pokémon TCG: Mega Evolution Perfect Order - Elite Trainer Box,https://geekhall.cz/produkt/pokemon-tcg-mega-evolution-perfect-order-elite-trainer-box/,1799.0,CZK,74.5,8.28,1,https://geekhall.cz/wp-content/uploads/2026/03/Perfect-Order-ETB.png
2026-08-30,geekhall-cz,perfect-order,booster-box,36,Pokémon TCG: Mega Evolutions Perfect Order - Booster Box,https://geekhall.cz/produkt/pokemon-tcg-mega-evolutions-perfect-order-booster-box/,4599.0,CZK,190.44,5.29,1,https://geekhall.cz/wp-content/uploads/2026/03/Perfect-order-bb.png
2026-08-30,geekhall-cz,perfect-order,booster,1,Pokémon TCG: Mega Evolutions Perfect Order - Booster,https://geekhall.cz/produkt/pokemon-tcg-mega-evolutions-perfect-order-booster/,169.0,CZK,7.0,7.0,1,https://geekhall.cz/wp-content/uploads/2026/03/Perfect-order-booster.png
2026-08-30,geekhall-cz,ascended-heroes,etb,9,Pokémon TCG: Ascended Heroes - Elite Trainer Box,https://geekhall.cz/produkt/pokemon-tcg-ascended-heroes-elite-trainer-box/,3899.0,CZK,161.46,17.94,1,https://geekhall.cz/wp-content/uploads/2026/02/Ascended-heroes-ETB.png
2026-08-30,geekhall-cz,prismatic-evolutions,bundle,6,Pokémon TCG: Scarlet & Violet Prismatic Evolutions - Booster Bundle,https://geekhall.cz/produkt/pokemon-tcg-scarlet-violet-prismatic-evolutions-booster-bundle-display/,1989.0,CZK,82.36,13.73,0,https://geekhall.cz/wp-content/uploads/2025/09/Prismatic.png
2026-08-30,geekhall-cz,prismatic-evolutions,etb,9,Pokémon TCG: Scarlet & Violet Prismatic Evolutions - Elite Trainer Box,https://geekhall.cz/produkt/pokemon-tcg-scarlet-violet-prismatic-evolutions-elite-trainer-box/,5199.0,CZK,215.29,23.92,0,https://geekhall.cz/wp-content/uploads/2025/09/prismatic-evolutions-elite-trainer-box.avif
2026-08-30,xzone-cz,pitch-black,booster,1,Karetní hra Pokémon TCG: Mega Evolution - Pitch Black Booster (10 karet),https://www.xzone.cz/karetni-hra-pokemon-tcg-mega-evolution-ascended-heroes-booster-10-karet-2026,129.0,CZK,5.34,5.34,1,https://cdn.xzone.cz/p/boostery/karetni-hra-pokemon-tcg-mega-evolution-pitch-black-booster/karetni-hra-pokemon-tcg-mega-evolution-pitch-black-booster-10-karet-150w.png
2026-08-30,xzone-cz,perfect-order,booster-box,36,Karetní hra Pokémon TCG: Mega Evolution - Perfect Order Booster Box (36 boosterů),https://www.xzone.cz/karetni-hra-pokemon-tcg-mega-evolution-perfect-order-booster-box-36-boosteru,4790.0,CZK,198.35,5.51,1,https://cdn.xzone.cz/p/boostery/karetni-hra-pokemon-tcg-mega-evolution-perfect-order-booster-box/karetni-hra-pokemon-tcg-mega-evolution-perfect-order-booster-box-36-boosteru-150w.png
2026-08-30,xzone-cz,chaos-rising,booster,1,Karetní hra Pokémon TCG: Mega Evolution - Chaos Rising - Booster (10 karet),https://www.xzone.cz/karetni-hra-pokemon-tcg-mega-evolution-chaos-rising-booster-10-karet,139.0,CZK,5.76,5.76,1,https://cdn.xzone.cz/p/boostery/karetni-hra-pokemon-tcg-chaos-rising-booster/karetni-hra-pokemon-tcg-chaos-rising-booster-10-karet-150w.png
2026-08-30,xzone-sk,pitch-black,booster,1,Kartová hra Pokémon TCG: Mega Evolution - Pitch Black Booster (10 kariet),https://www.xzone.sk/karetni-hra-pokemon-tcg-mega-evolution-ascended-heroes-booster-10-karet-2026,5.32,EUR,5.32,5.32,1,https://cdn.xzone.sk/p/boostery/karetni-hra-pokemon-tcg-mega-evolution-pitch-black-booster/karetni-hra-pokemon-tcg-mega-evolution-pitch-black-booster-10-karet-150w.png
2026-08-30,xzone-sk,perfect-order,booster-box,36,Kartová hra Pokémon TCG: Mega Evolution - Perfect Order Booster Box (36 boosterov),https://www.xzone.sk/karetni-hra-pokemon-tcg-mega-evolution-perfect-order-booster-box-36-boosteru,204.99,EUR,204.99,5.69,0,https://cdn.xzone.sk/p/boostery/karetni-hra-pokemon-tcg-mega-evolution-perfect-order-booster-box/karetni-hra-pokemon-tcg-mega-evolution-perfect-order-booster-box-36-boosteru-150w.png
2026-08-30,xzone-sk,chaos-rising,booster,1,Kartová hra Pokémon TCG: Mega Evolution - Chaos Rising - Booster (10 kariet),https://www.xzone.sk/karetni-hra-pokemon-tcg-mega-evolution-chaos-rising-booster-10-karet,5.79,EUR,5.79,5.79,1,https://cdn.xzone.sk/p/boostery/karetni-hra-pokemon-tcg-chaos-rising-booster/karetni-hra-pokemon-tcg-chaos-rising-booster-10-karet-150w.png
2026-08-30,dazzle-sk,pitch-black,booster,1,Pokémon | Pitch Black - Booster,https://www.dazzle.sk/pokemon-pitch-black-booster/pokemon/pokemon-boostre/anglicke-boostre,6.5,EUR,6.5,6.5,1,https://www.dazzle.sk/image/cache/catalog/Pokémon/Pokémon%20Produkty/Mega%20Evolutions/ME05%20Pitch%20Black/pitch-black-booster-228x228.png
2026-08-30,dazzle-sk,chaos-rising,booster,1,Pokémon | Chaos Rising - Booster,https://www.dazzle.sk/pokemon-chaos-rising-booster/pokemon/pokemon-boostre/anglicke-boostre,6.0,EUR,6.0,6.0,1,https://www.dazzle.sk/image/cache/catalog/Pokémon/Pokémon%20Produkty/Mega%20Evolutions/ME04%20Chaos%20Rising/IMG_1747-228x228.png
2026-08-30,dazzle-sk,perfect-order,booster,1,Pokémon | Perfect Order - Booster,https://www.dazzle.sk/pokemon-perfect-order-booster/pokemon/pokemon-boostre/anglicke-boostre,6.0,EUR,6.0,6.0,1,https://www.dazzle.sk/image/cache/catalog/Pokémon/Pokémon%20Produkty/Mega%20Evolutions/ME03%20Perfect%20Order/IMG_0650-228x228.jpeg
2026-08-30,dazzle-sk,ascended-heroes,booster,1,Pokémon | Ascended Heroes - Booster,https://www.dazzle.sk/pokemon-ascended-heroes-booster/pokemon/pokemon-boostre/anglicke-boostre,15.0,EUR,15.0,15.0,1,https://www.dazzle.sk/image/cache/catalog/Pokémon/Pokémon%20Produkty/Mega%20Evolutions/ME03%20Ascended%20Heroes/ascended-heroes-booster-pack-228x228.jpg
2026-08-30,dazzle-sk,prismatic-evolutions,booster,1,Pokémon | Prismatic Evolutions - Booster,https://www.dazzle.sk/pokemon-prismatic-evolutions-booster/anglicke-boostre,17.9,EUR,17.9,17.9,0,https://www.dazzle.sk/image/cache/catalog/Pokémon/Pokémon%20Produkty/Scarlet%20and%20Violet/SV08.5%20Prismatic%20Evolutions/Pokemon_TCG_Scarlet_Violet—Prismatic_Evolutions_Booster_Wrap_Eevee_and_Sylveon-228x228.png
2026-08-30,dazzle-sk,30th-celebration,bundle,6,Pokémon | 30th Celebration - Booster Bundle,https://www.dazzle.sk/index.php?route=product/product&product_id=3841&path=71_213,99.9,EUR,99.9,16.65,0,https://www.dazzle.sk/image/cache/catalog/Pokémon/Pokémon%20Produkty/Mega%20Evolutions/30th%20celebrations/30th-celebration-booster-bundle-228x228.jpg
2026-08-30,dazzle-sk,pitch-black,bundle,6,Pokémon | Pitch Black - Booster Bundle,https://www.dazzle.sk/index.php?route=product/product&product_id=3778&path=71_213,44.9,EUR,44.9,7.48,1,https://www.dazzle.sk/image/cache/catalog/Pokémon/Pokémon%20Produkty/Mega%20Evolutions/ME05%20Pitch%20Black/pitch-black-booster-bundle-228x228.jpg
2026-08-30,dazzle-sk,chaos-rising,bundle,6,Pokémon | Chaos Rising - Booster Bundle,https://www.dazzle.sk/index.php?route=product/product&product_id=3718&path=71_213,49.9,EUR,49.9,8.32,1,https://www.dazzle.sk/image/cache/catalog/Pokémon/Pokémon%20Produkty/Mega%20Evolutions/ME04%20Chaos%20Rising/IMG_1752-228x228.jpeg
2026-08-30,dazzle-sk,chaos-rising,booster-box,36,Pokémon | Chaos Rising - Booster Box,https://www.dazzle.sk/index.php?route=product/product&product_id=3716&path=71_213,199.9,EUR,199.9,5.55,1,https://www.dazzle.sk/image/cache/catalog/Pokémon/Pokémon%20Produkty/Mega%20Evolutions/ME04%20Chaos%20Rising/IMG_1746-228x228.jpeg
2026-08-30,dazzle-sk,ascended-heroes,bundle,6,Pokémon | Ascended Heroes - Booster Bundle,https://www.dazzle.sk/index.php?route=product/product&product_id=3702&path=71_213,89.9,EUR,89.9,14.98,1,https://www.dazzle.sk/image/cache/catalog/pokemony/ascended-heroes-booster-bundle-228x228.jpg
2026-08-30,dazzle-sk,perfect-order,booster-box,36,Pokémon | Perfect Order - Booster Box,https://www.dazzle.sk/index.php?route=product/product&product_id=3575&path=71_213,230.0,EUR,230.0,6.39,1,https://www.dazzle.sk/image/cache/catalog/Pokémon/Pokémon%20Produkty/Mega%20Evolutions/ME03%20Perfect%20Order/IMG_0649-228x228.webp
2026-08-30,dazzle-sk,pitch-black,booster-box,36,Pokémon | Pitch Black - Booster Box,https://www.dazzle.sk/index.php?route=product/product&product_id=3777&path=71_213,209.9,EUR,209.9,5.83,0,https://www.dazzle.sk/image/cache/catalog/Pokémon/Pokémon%20Produkty/Mega%20Evolutions/ME05%20Pitch%20Black/pitch-black-booster-box-228x228.jpg
2026-08-30,dazzle-sk,perfect-order,bundle,6,Pokémon | Perfect Order - Booster Bundle,https://www.dazzle.sk/index.php?route=product/product&product_id=3631&path=71_213,49.08,EUR,49.08,8.18,0,https://www.dazzle.sk/image/cache/catalog/pokemony/perfect-order-booster-bundle-228x228.jpg
2026-08-30,dazzle-sk,prismatic-evolutions,bundle,6,Pokémon | Prismatic Evolutions - Booster Bundle,https://www.dazzle.sk/index.php?route=product/product&product_id=2864&path=213,85.0,EUR,85.0,14.17,0,https://www.dazzle.sk/image/cache/catalog/pokemony/prismatic-evolutions-booster-bundle-228x228.webp
2026-08-30,dazzle-sk,30th-celebration,etb,10,Pokémon | 30th Celebration - Elite Trainer Box,https://www.dazzle.sk/pokemon-30th-celebration-elite-trainer-box/pokemon/pokemon-boxy/pokemon-elite-trainer-box,209.9,EUR,209.9,20.99,0,https://www.dazzle.sk/image/cache/catalog/Pokémon/Pokémon%20Produkty/MIX%20kolekcie%20a%20boxy/2026/30th-celebration-elite-trainer-box1-228x228.png
2026-08-30,dazzle-sk,pitch-black,etb,9,Pokémon | Pitch Black - Elite Trainer Box,https://www.dazzle.sk/pokemon-pitch-black-elite-trainer-box/pokemon/pokemon-boxy/pokemon-elite-trainer-box,74.9,EUR,74.9,8.32,1,https://www.dazzle.sk/image/cache/catalog/Pokémon/Pokémon%20Produkty/Mega%20Evolutions/ME05%20Pitch%20Black/pitch-black-elite-trainer-box-228x228.jpg
2026-08-30,dazzle-sk,chaos-rising,etb,9,Pokémon | Chaos Rising - Elite Trainer Box,https://www.dazzle.sk/pokemon-chaos-rising-elite-trainer-box/pokemon/pokemon-boxy/pokemon-elite-trainer-box,74.9,EUR,74.9,8.32,1,https://www.dazzle.sk/image/cache/catalog/Pokémon/Pokémon%20Produkty/Mega%20Evolutions/ME04%20Chaos%20Rising/IMG_1751-228x228.png
2026-08-30,dazzle-sk,perfect-order,etb,9,Pokémon | Perfect Order - Elite Trainer Box,https://www.dazzle.sk/pokemon-perfect-order-elite-trainer-box/pokemon/pokemon-boxy/pokemon-elite-trainer-box,69.9,EUR,69.9,7.77,1,https://www.dazzle.sk/image/cache/catalog/Pokémon/Pokémon%20Produkty/Mega%20Evolutions/ME03%20Perfect%20Order/IMG_0648-228x228.jpeg
2026-08-30,dazzle-sk,ascended-heroes,etb,9,Pokémon | Ascended Heroes - Elite Trainer Box,https://www.dazzle.sk/pokemon-ascended-heroes-elite-trainer-box/pokemon/pokemon-boxy/pokemon-elite-trainer-box,174.9,EUR,174.9,19.43,1,https://www.dazzle.sk/image/cache/catalog/Pokémon/Pokémon%20Produkty/Mega%20Evolutions/ME03%20Ascended%20Heroes/IMG_9304-228x228.png
2026-08-30,dazzle-sk,prismatic-evolutions,etb,9,Pokémon | Prismatic Evolutions - Elite Trainer Box,https://www.dazzle.sk/pokemon-prismatic-evolutions-elite-trainer-box/pokemon-elite-trainer-box,200.0,EUR,200.0,22.22,0,https://www.dazzle.sk/image/cache/catalog/Pokémon/Pokémon%20Produkty/Scarlet%20and%20Violet/SV08.5%20Prismatic%20Evolutions/PCI10013.01-228x228.png
2026-08-30,kuzelnehry-sk,chaos-rising,booster,1,Pokémon TCG: Mega Evolution Chaos Rising - Booster,https://www.kuzelnehry.sk/pokemon-tcg--mega-evolution-chaos-rising-booster/,8.24,EUR,8.24,8.24,1,https://cdn.myshoptet.com/usr/www.kuzelnehry.sk/user/shop/big/276538_pi656-pci10407-101-3-pci10407-101-1-1-249843.jpg?ff=1&x=1024&y=768&q=85&ts=6a151de5&sg=161563f2
2026-08-30,kuzelnehry-sk,ascended-heroes,bundle,6,Pokémon TCG: Mega Evolution - Ascended Heroes Booster Bundle,https://www.kuzelnehry.sk/pokemon-tcg--mega-evolution-ascended-heroes-booster-bundle/,144.51,EUR,144.51,24.08,1,https://cdn.myshoptet.com/usr/www.kuzelnehry.sk/user/shop/big/269255_087435a7f4f26cf1c59c8bd8f0591395-p11437-me02pt5-3d-booster-bundle-left-en-1200x1764-68892d3.png?ff=1&x=1024&y=768&q=85&ts=69f18552&sg=161563f2
2026-08-30,kuzelnehry-sk,perfect-order,etb,9,Pokémon TCG: Mega Evolution - Perfect Order - Elite Trainer Box,https://www.kuzelnehry.sk/pokemon-tcg--mega-evolution-perfect-order-elite-trainer-box/,123.81,EUR,123.81,13.76,1,https://cdn.myshoptet.com/usr/www.kuzelnehry.sk/user/shop/big/253436_d5ec98fa-59b9-5dbd-a829-40bfc0e94ef0.jpg?ff=1&x=1024&y=768&q=85&ts=69cb4a3c&sg=161563f2
2026-08-30,kuzelnehry-sk,ascended-heroes,etb,9,Pokémon TCG: Mega Evolution 2.5 Ascended Heroes - Elite Trainer Box,https://www.kuzelnehry.sk/pokemon-tcg--mega-evolution-2-5-ascended-heroes-elite-trainer-box/,289.44,EUR,289.44,32.16,1,https://cdn.myshoptet.com/usr/www.kuzelnehry.sk/user/shop/big/250271_snimek-obrazovky-2026-02-20-133642.jpg?ff=1&x=1024&y=768&q=85&ts=69993e62&sg=161563f2
2026-08-30,kuzelnehry-sk,prismatic-evolutions,etb,9,Pokémon TCG: Scarlet & Violet 8.5 - Prismatic Evolutions - Elite Trainer Box (EN),https://www.kuzelnehry.sk/pokemon-tcg--scarlet-violet-8-5-prismatic-evolutions-elite-trainer-box-en/,227.33,EUR,227.33,25.26,1,https://cdn.myshoptet.com/usr/www.kuzelnehry.sk/user/shop/big/175775_image--11.png?ff=1&x=1024&y=768&q=85&ts=6789e5b2&sg=161563f2
